-- phpMyAdmin SQL Dump
-- version 5.2.1
-- https://www.phpmyadmin.net/
--
-- Host: 127.0.0.1
-- Generation Time: Jul 24, 2025 at 09:53 AM
-- Server version: 11.6.2-MariaDB
-- PHP Version: 8.2.12

SET SQL_MODE = "NO_AUTO_VALUE_ON_ZERO";
START TRANSACTION;
SET time_zone = "+00:00";


/*!40101 SET @OLD_CHARACTER_SET_CLIENT=@@CHARACTER_SET_CLIENT */;
/*!40101 SET @OLD_CHARACTER_SET_RESULTS=@@CHARACTER_SET_RESULTS */;
/*!40101 SET @OLD_COLLATION_CONNECTION=@@COLLATION_CONNECTION */;
/*!40101 SET NAMES utf8mb4 */;

--
-- Database: `bottle_recycling_system`
--

-- --------------------------------------------------------

--
-- Table structure for table `admin`
--

CREATE TABLE `admin` (
  `admin_id` int(11) NOT NULL,
  `username` varchar(255) NOT NULL,
  `email` varchar(255) NOT NULL,
  `password_hash` varchar(255) NOT NULL,
  `is_admin` tinyint(1) DEFAULT 0,
  `reset_token` varchar(255) DEFAULT NULL,
  `reset_token_expires` timestamp NULL DEFAULT NULL,
  `created_at` timestamp NULL DEFAULT current_timestamp()
) ENGINE=InnoDB DEFAULT CHARSET=utf8mb4 COLLATE=utf8mb4_general_ci;

--
-- Dumping data for table `admin`
--

INSERT INTO `admin` (`admin_id`, `username`, `email`, `password_hash`, `is_admin`, `reset_token`, `reset_token_expires`, `created_at`) VALUES
(1, 'admin_user1', 'admin1@example.com', 'hashed_password_1', 0, NULL, NULL, '2025-07-20 09:11:22'),
(2, 'support_user1', 'support1@example.com', 'hashed_password_2', 0, NULL, NULL, '2025-07-20 09:11:22'),
(3, 'Gelo', 'angelodeleon.basc@gmail.com', '$2y$10$3C0vfQ8fyD2tiKjU3roLBehyMG3JWSdX7heO7vmSJH0vENPwQ2VpW', 0, NULL, NULL, '2025-07-20 09:13:19'),
(4, 'Admin', 'a@gmail.com', '$2y$10$rNbPJWb4ls2rJWAo9yXgPegAMdDErd7XJcEwN08wU5TcXTr087umy', 0, NULL, NULL, '2025-07-20 10:11:07'),
(5, 'just', 'justinejohnorosco.basc@gmail.com', '$2y$10$lB8OuNT3K8pn6AXcVAVYbuciudS8WUv.X2AcP.OUlYbssv4D1QlAC', 1, NULL, NULL, '2025-07-21 02:44:29');

-- --------------------------------------------------------

--
-- Table structure for table `bandwidth_usage`
--

CREATE TABLE `bandwidth_usage` (
  `user_id` int(11) NOT NULL,
  `Device_MAC_Address` varchar(17) NOT NULL,
  `Download` bigint(20) DEFAULT 0,
  `Upload` bigint(20) DEFAULT 0,
  `Total` bigint(20) DEFAULT 0,
  `Duration` int(11) DEFAULT 0,
  `last_updated_at` timestamp NULL DEFAULT current_timestamp()
) ENGINE=InnoDB DEFAULT CHARSET=utf8mb4 COLLATE=utf8mb4_general_ci;

--
-- Dumping data for table `bandwidth_usage`
--

INSERT INTO `bandwidth_usage` (`user_id`, `Device_MAC_Address`, `Download`, `Upload`, `Total`, `Duration`, `last_updated_at`) VALUES
(1, '00:1A:2B:3C:4D:5E', 125000000, 25000000, 150000000, 7200, '2025-07-24 01:19:55'),
(2, 'AA:BB:CC:DD:EE:FF', 75000000, 25000000, 100000000, 5400, '2025-07-24 01:19:55'),
(19, '11:22:33:44:55:66', 50000000, 10000000, 60000000, 3600, '2025-07-24 01:19:55'),
(20, '99:88:77:66:55:44', 200000000, 50000000, 250000000, 14400, '2025-07-24 01:19:55');

-- --------------------------------------------------------

--
-- Table structure for table `janitor`
--

CREATE TABLE `janitor` (
  `janitor_id` int(11) NOT NULL,
  `contact_number` varchar(255) NOT NULL,
  `updated_at` timestamp NULL DEFAULT current_timestamp() ON UPDATE current_timestamp()
) ENGINE=InnoDB DEFAULT CHARSET=utf8mb4 COLLATE=utf8mb4_general_ci;

--
-- Dumping data for table `janitor`
--

INSERT INTO `janitor` (`janitor_id`, `contact_number`, `updated_at`) VALUES
(1, '09123456789', '2025-07-20 09:11:22'),
(2, '09234567890', '2025-07-20 09:11:22'),
(3, '09754842255', '2025-07-23 06:52:28');

-- --------------------------------------------------------

--
-- Table structure for table `settings`
--

CREATE TABLE `settings` (
  `settings_id` int(11) NOT NULL,
  `admin_id` int(11) NOT NULL,
  `minutes_per_bottle` decimal(5,2) NOT NULL,
  `bandwidth_limit_kbps` int(11) NOT NULL,
  `bin_full_threshold` int(11) NOT NULL,
  `maintenance_mode` tinyint(1) DEFAULT 0,
  `auto_reboot_schedule` varchar(255) DEFAULT NULL,
  `setting_key` varchar(255) DEFAULT NULL,
  `setting_value` text DEFAULT NULL,
  `last_updated` timestamp NULL DEFAULT current_timestamp() ON UPDATE current_timestamp()
) ENGINE=InnoDB DEFAULT CHARSET=utf8mb4 COLLATE=utf8mb4_general_ci;

--
-- Dumping data for table `settings`
--

INSERT INTO `settings` (`settings_id`, `admin_id`, `minutes_per_bottle`, `bandwidth_limit_kbps`, `bin_full_threshold`, `maintenance_mode`, `auto_reboot_schedule`, `setting_key`, `setting_value`, `last_updated`) VALUES
(1, 1, 2.00, 10240, 90, 0, 'daily 03:00 AM', NULL, NULL, '2025-07-23 08:18:31'),
(2, 5, 2.00, 10240, 90, 0, 'daily 03:00 AM', 'voucher_default_duration_minutes', '120', '2025-07-24 07:27:56'),
(4, 4, 2.00, 20684, 0, 0, 'daily 03:00 AM', NULL, NULL, '2025-07-23 08:18:31'),
(5, 4, 2.00, 20480, 0, 0, 'daily 03:00 AM', NULL, NULL, '2025-07-23 08:18:31'),
(6, 4, 2.00, 0, 90, 0, NULL, NULL, NULL, '2025-07-23 08:18:31'),
(7, 4, 2.00, 0, 85, 0, NULL, NULL, NULL, '2025-07-23 08:18:31'),
(10, 5, 2.00, 20480, 0, 0, 'daily 03:00 AM', NULL, NULL, '2025-07-23 08:11:54'),
(11, 5, 2.00, 20480, 0, 0, 'daily 03:00 AM', NULL, NULL, '2025-07-23 08:14:14'),
(12, 5, 2.00, 204800, 0, 0, 'daily 03:00 AM', NULL, NULL, '2025-07-23 11:51:29');

-- --------------------------------------------------------

--
-- Table structure for table `smslog`
--

CREATE TABLE `smslog` (
  `sms_log_id` int(11) NOT NULL,
  `admin_id` int(11) NOT NULL,
  `recipient_number` varchar(255) NOT NULL,
  `message` text NOT NULL,
  `status` enum('sent','failed','queued') NOT NULL,
  `timestamp` timestamp NULL DEFAULT current_timestamp()
) ENGINE=InnoDB DEFAULT CHARSET=utf8mb4 COLLATE=utf8mb4_general_ci;

--
-- Dumping data for table `smslog`
--

INSERT INTO `smslog` (`sms_log_id`, `admin_id`, `recipient_number`, `message`, `status`, `timestamp`) VALUES
(1, 1, '09987654321', 'Bin full notification for location A.', 'sent', '2025-07-20 09:11:22'),
(2, 1, '09876543210', 'Maintenance alert for system B.', 'queued', '2025-07-20 09:11:22'),
(3, 2, '09765432109', 'Failed to send report.', 'failed', '2025-07-20 09:11:22');

-- --------------------------------------------------------

--
-- Table structure for table `systemlog`
--

CREATE TABLE `systemlog` (
  `log_id` int(11) NOT NULL,
  `admin_id` int(11) NOT NULL,
  `action` varchar(255) NOT NULL,
  `details` text DEFAULT NULL,
  `timestamp` timestamp NULL DEFAULT current_timestamp()
) ENGINE=InnoDB DEFAULT CHARSET=utf8mb4 COLLATE=utf8mb4_general_ci;

--
-- Dumping data for table `systemlog`
--

INSERT INTO `systemlog` (`log_id`, `admin_id`, `action`, `details`, `timestamp`) VALUES
(1, 1, 'System Reboot', 'Scheduled daily reboot initiated.', '2025-07-20 09:11:22'),
(2, 1, 'Settings Update', 'Changed minutes per bottle from 5 to 6.', '2025-07-20 09:11:22'),
(3, 2, 'User Account Lock', 'User 00:1A:2B:3C:4D:5E locked due to suspicious activity.', '2025-07-20 09:11:22'),
(4, 4, 'Dashboard Access', 'Accessed admin dashboard', '2025-07-20 10:11:14'),
(5, 4, 'Bottle Deposits Access', 'Viewed bottle deposits list', '2025-07-20 10:11:22'),
(6, 4, 'Vouchers Access', 'Viewed vouchers list', '2025-07-20 10:11:29'),
(7, 4, 'Vouchers Access', 'Viewed vouchers list', '2025-07-20 10:11:38'),
(8, 4, 'Vouchers Access', 'Viewed vouchers list', '2025-07-20 10:11:42'),
(9, 4, 'Vouchers Access', 'Viewed vouchers list', '2025-07-20 10:11:45'),
(10, 4, 'Users Access', 'Viewed users list', '2025-07-20 10:11:46'),
(11, 4, 'Activity Logs', 'Viewed activity logs', '2025-07-20 10:11:53'),
(12, 4, 'Activity Logs', 'Viewed activity logs', '2025-07-20 10:11:53'),
(13, 4, 'Activity Logs', 'Viewed activity logs', '2025-07-20 10:11:53'),
(14, 4, 'Activity Logs', 'Viewed activity logs', '2025-07-20 10:11:53'),
(15, 4, 'Activity Logs', 'Viewed activity logs', '2025-07-20 10:11:53'),
(16, 4, 'Activity Logs', 'Viewed activity logs', '2025-07-20 10:11:54'),
(17, 4, 'Activity Logs', 'Viewed activity logs', '2025-07-20 10:11:54'),
(18, 4, 'Activity Logs', 'Viewed activity logs', '2025-07-20 10:11:54'),
(19, 4, 'Activity Logs', 'Viewed activity logs', '2025-07-20 10:11:54'),
(20, 4, 'Activity Logs', 'Viewed activity logs', '2025-07-20 10:11:54'),
(21, 4, 'Activity Logs', 'Viewed activity logs', '2025-07-20 10:11:54'),
(22, 4, 'Activity Logs', 'Viewed activity logs', '2025-07-20 10:11:54'),
(23, 4, 'Activity Logs', 'Viewed activity logs', '2025-07-20 10:11:54'),
(24, 4, 'Activity Logs', 'Viewed activity logs', '2025-07-20 10:11:54'),
(25, 4, 'Activity Logs', 'Viewed activity logs', '2025-07-20 10:11:54'),
(26, 4, 'Activity Logs', 'Viewed activity logs', '2025-07-20 10:11:54'),
(27, 4, 'Activity Logs', 'Viewed activity logs', '2025-07-20 10:11:54'),
(28, 4, 'Activity Logs', 'Viewed activity logs', '2025-07-20 10:11:54'),
(29, 4, 'Activity Logs', 'Viewed activity logs', '2025-07-20 10:11:54'),
(30, 4, 'Activity Logs', 'Viewed activity logs', '2025-07-20 10:11:55'),
(31, 4, 'Activity Logs', 'Viewed activity logs', '2025-07-20 10:11:55'),
(32, 4, 'Activity Logs', 'Viewed activity logs', '2025-07-20 10:11:55'),
(33, 4, 'Activity Logs', 'Viewed activity logs', '2025-07-20 10:11:55'),
(34, 4, 'Activity Logs', 'Viewed activity logs', '2025-07-20 10:11:55'),
(35, 4, 'Activity Logs', 'Viewed activity logs', '2025-07-20 10:11:55'),
(36, 4, 'Activity Logs', 'Viewed activity logs', '2025-07-20 10:11:55'),
(37, 4, 'Activity Logs', 'Viewed activity logs', '2025-07-20 10:11:55'),
(38, 4, 'Activity Logs', 'Viewed activity logs', '2025-07-20 10:11:55'),
(39, 4, 'Activity Logs', 'Viewed activity logs', '2025-07-20 10:11:55'),
(40, 4, 'Activity Logs', 'Viewed activity logs', '2025-07-20 10:11:55'),
(41, 4, 'Activity Logs', 'Viewed activity logs', '2025-07-20 10:11:55'),
(42, 4, 'Activity Logs', 'Viewed activity logs', '2025-07-20 10:11:56'),
(43, 4, 'Activity Logs', 'Viewed activity logs', '2025-07-20 10:11:56'),
(44, 4, 'Activity Logs', 'Viewed activity logs', '2025-07-20 10:11:56'),
(45, 4, 'Activity Logs', 'Viewed activity logs', '2025-07-20 10:11:56'),
(46, 4, 'Activity Logs', 'Viewed activity logs', '2025-07-20 10:11:56'),
(47, 4, 'Activity Logs', 'Viewed activity logs', '2025-07-20 10:11:56'),
(48, 4, 'Activity Logs', 'Viewed activity logs', '2025-07-20 10:11:56'),
(49, 4, 'Activity Logs', 'Viewed activity logs', '2025-07-20 10:11:56'),
(50, 4, 'Activity Logs', 'Viewed activity logs', '2025-07-20 10:11:56'),
(51, 4, 'Activity Logs', 'Viewed activity logs', '2025-07-20 10:11:56'),
(52, 4, 'Activity Logs', 'Viewed activity logs', '2025-07-20 10:11:56'),
(53, 4, 'Activity Logs', 'Viewed activity logs', '2025-07-20 10:11:56'),
(54, 4, 'Activity Logs', 'Viewed activity logs', '2025-07-20 10:11:56'),
(55, 4, 'Activity Logs', 'Viewed activity logs', '2025-07-20 10:11:56'),
(56, 4, 'Activity Logs', 'Viewed activity logs', '2025-07-20 10:11:56'),
(57, 4, 'Activity Logs', 'Viewed activity logs', '2025-07-20 10:11:57'),
(58, 4, 'Activity Logs', 'Viewed activity logs', '2025-07-20 10:11:57'),
(59, 4, 'Activity Logs', 'Viewed activity logs', '2025-07-20 10:11:57'),
(60, 4, 'Activity Logs', 'Viewed activity logs', '2025-07-20 10:11:57'),
(61, 4, 'Activity Logs', 'Viewed activity logs', '2025-07-20 10:11:57'),
(62, 4, 'Activity Logs', 'Viewed activity logs', '2025-07-20 10:11:57'),
(63, 4, 'Activity Logs', 'Viewed activity logs', '2025-07-20 10:11:57'),
(64, 4, 'Activity Logs', 'Viewed activity logs', '2025-07-20 10:11:57'),
(65, 4, 'Activity Logs', 'Viewed activity logs', '2025-07-20 10:11:57'),
(66, 4, 'Activity Logs', 'Viewed activity logs', '2025-07-20 10:11:57'),
(67, 4, 'Activity Logs', 'Viewed activity logs', '2025-07-20 10:11:57'),
(68, 4, 'Activity Logs', 'Viewed activity logs', '2025-07-20 10:11:57'),
(69, 4, 'Activity Logs', 'Viewed activity logs', '2025-07-20 10:11:57'),
(70, 4, 'Activity Logs', 'Viewed activity logs', '2025-07-20 10:11:57'),
(71, 4, 'Activity Logs', 'Viewed activity logs', '2025-07-20 10:11:58'),
(72, 4, 'Activity Logs', 'Viewed activity logs', '2025-07-20 10:11:58'),
(73, 4, 'Activity Logs', 'Viewed activity logs', '2025-07-20 10:11:58'),
(74, 4, 'Activity Logs', 'Viewed activity logs', '2025-07-20 10:11:58'),
(75, 4, 'Activity Logs', 'Viewed activity logs', '2025-07-20 10:11:58'),
(76, 4, 'Activity Logs', 'Viewed activity logs', '2025-07-20 10:11:58'),
(77, 4, 'Activity Logs', 'Viewed activity logs', '2025-07-20 10:11:58'),
(78, 4, 'Activity Logs', 'Viewed activity logs', '2025-07-20 10:11:58'),
(79, 4, 'Activity Logs', 'Viewed activity logs', '2025-07-20 10:11:58'),
(80, 4, 'Activity Logs', 'Viewed activity logs', '2025-07-20 10:11:58'),
(81, 4, 'Activity Logs', 'Viewed activity logs', '2025-07-20 10:11:58'),
(82, 4, 'Activity Logs', 'Viewed activity logs', '2025-07-20 10:11:58'),
(83, 4, 'Activity Logs', 'Viewed activity logs', '2025-07-20 10:11:58'),
(84, 4, 'Activity Logs', 'Viewed activity logs', '2025-07-20 10:11:59'),
(85, 4, 'Activity Logs', 'Viewed activity logs', '2025-07-20 10:11:59'),
(86, 4, 'Activity Logs', 'Viewed activity logs', '2025-07-20 10:11:59'),
(87, 4, 'Activity Logs', 'Viewed activity logs', '2025-07-20 10:11:59'),
(88, 4, 'Activity Logs', 'Viewed activity logs', '2025-07-20 10:11:59'),
(89, 4, 'Activity Logs', 'Viewed activity logs', '2025-07-20 10:11:59'),
(90, 4, 'Activity Logs', 'Viewed activity logs', '2025-07-20 10:11:59'),
(91, 4, 'Activity Logs', 'Viewed activity logs', '2025-07-20 10:11:59'),
(92, 4, 'Activity Logs', 'Viewed activity logs', '2025-07-20 10:11:59'),
(93, 4, 'Activity Logs', 'Viewed activity logs', '2025-07-20 10:11:59'),
(94, 4, 'Activity Logs', 'Viewed activity logs', '2025-07-20 10:11:59'),
(95, 4, 'Activity Logs', 'Viewed activity logs', '2025-07-20 10:11:59'),
(96, 4, 'Activity Logs', 'Viewed activity logs', '2025-07-20 10:11:59'),
(97, 4, 'Activity Logs', 'Viewed activity logs', '2025-07-20 10:11:59'),
(98, 4, 'Activity Logs', 'Viewed activity logs', '2025-07-20 10:12:00'),
(99, 4, 'Activity Logs', 'Viewed activity logs', '2025-07-20 10:12:00'),
(100, 4, 'Activity Logs', 'Viewed activity logs', '2025-07-20 10:12:00'),
(101, 4, 'Activity Logs', 'Viewed activity logs', '2025-07-20 10:12:00'),
(102, 4, 'Activity Logs', 'Viewed activity logs', '2025-07-20 10:12:00'),
(103, 4, 'Activity Logs', 'Viewed activity logs', '2025-07-20 10:12:00'),
(104, 4, 'Activity Logs', 'Viewed activity logs', '2025-07-20 10:12:00'),
(105, 4, 'Activity Logs', 'Viewed activity logs', '2025-07-20 10:12:00'),
(106, 4, 'Activity Logs', 'Viewed activity logs', '2025-07-20 10:12:00'),
(107, 4, 'Activity Logs', 'Viewed activity logs', '2025-07-20 10:12:00'),
(108, 4, 'Activity Logs', 'Viewed activity logs', '2025-07-20 10:12:00'),
(109, 4, 'Activity Logs', 'Viewed activity logs', '2025-07-20 10:12:00'),
(110, 4, 'Activity Logs', 'Viewed activity logs', '2025-07-20 10:12:00'),
(111, 4, 'Activity Logs', 'Viewed activity logs', '2025-07-20 10:12:00'),
(112, 4, 'Activity Logs', 'Viewed activity logs', '2025-07-20 10:12:01'),
(113, 4, 'Activity Logs', 'Viewed activity logs', '2025-07-20 10:12:01'),
(114, 4, 'Activity Logs', 'Viewed activity logs', '2025-07-20 10:12:01'),
(115, 4, 'Activity Logs', 'Viewed activity logs', '2025-07-20 10:12:01'),
(116, 4, 'Activity Logs', 'Viewed activity logs', '2025-07-20 10:12:01'),
(117, 4, 'Activity Logs', 'Viewed activity logs', '2025-07-20 10:12:01'),
(118, 4, 'Activity Logs', 'Viewed activity logs', '2025-07-20 10:12:01'),
(119, 4, 'Activity Logs', 'Viewed activity logs', '2025-07-20 10:12:01'),
(120, 4, 'Activity Logs', 'Viewed activity logs', '2025-07-20 10:12:01'),
(121, 4, 'Activity Logs', 'Viewed activity logs', '2025-07-20 10:12:01'),
(122, 4, 'Activity Logs', 'Viewed activity logs', '2025-07-20 10:12:01'),
(123, 4, 'Activity Logs', 'Viewed activity logs', '2025-07-20 10:12:01'),
(124, 4, 'Activity Logs', 'Viewed activity logs', '2025-07-20 10:12:01'),
(125, 4, 'Activity Logs', 'Viewed activity logs', '2025-07-20 10:12:01'),
(126, 4, 'Activity Logs', 'Viewed activity logs', '2025-07-20 10:12:01'),
(127, 4, 'Activity Logs', 'Viewed activity logs', '2025-07-20 10:12:02'),
(128, 4, 'Activity Logs', 'Viewed activity logs', '2025-07-20 10:12:02'),
(129, 4, 'Activity Logs', 'Viewed activity logs', '2025-07-20 10:12:02'),
(130, 4, 'Activity Logs', 'Viewed activity logs', '2025-07-20 10:12:02'),
(131, 4, 'Activity Logs', 'Viewed activity logs', '2025-07-20 10:12:02'),
(132, 4, 'Activity Logs', 'Viewed activity logs', '2025-07-20 10:12:02'),
(133, 4, 'Activity Logs', 'Viewed activity logs', '2025-07-20 10:12:02'),
(134, 4, 'Activity Logs', 'Viewed activity logs', '2025-07-20 10:12:02'),
(135, 4, 'Activity Logs', 'Viewed activity logs', '2025-07-20 10:12:02'),
(136, 4, 'Activity Logs', 'Viewed activity logs', '2025-07-20 10:12:02'),
(137, 4, 'Activity Logs', 'Viewed activity logs', '2025-07-20 10:12:02'),
(138, 4, 'Activity Logs', 'Viewed activity logs', '2025-07-20 10:12:02'),
(139, 4, 'Activity Logs', 'Viewed activity logs', '2025-07-20 10:12:02'),
(140, 4, 'Activity Logs', 'Viewed activity logs', '2025-07-20 10:12:03'),
(141, 4, 'Activity Logs', 'Viewed activity logs', '2025-07-20 10:12:03'),
(142, 4, 'Activity Logs', 'Viewed activity logs', '2025-07-20 10:12:03'),
(143, 4, 'Activity Logs', 'Viewed activity logs', '2025-07-20 10:12:03'),
(144, 4, 'Activity Logs', 'Viewed activity logs', '2025-07-20 10:12:03'),
(145, 4, 'Activity Logs', 'Viewed activity logs', '2025-07-20 10:12:03'),
(146, 4, 'Activity Logs', 'Viewed activity logs', '2025-07-20 10:12:03'),
(147, 4, 'Activity Logs', 'Viewed activity logs', '2025-07-20 10:12:03'),
(148, 4, 'Activity Logs', 'Viewed activity logs', '2025-07-20 10:12:03'),
(149, 4, 'Activity Logs', 'Viewed activity logs', '2025-07-20 10:12:03'),
(150, 4, 'Activity Logs', 'Viewed activity logs', '2025-07-20 10:12:03'),
(151, 4, 'Activity Logs', 'Viewed activity logs', '2025-07-20 10:12:03'),
(152, 4, 'Activity Logs', 'Viewed activity logs', '2025-07-20 10:12:03'),
(153, 4, 'Activity Logs', 'Viewed activity logs', '2025-07-20 10:12:04'),
(154, 4, 'Activity Logs', 'Viewed activity logs', '2025-07-20 10:12:04'),
(155, 4, 'Activity Logs', 'Viewed activity logs', '2025-07-20 10:12:04'),
(156, 4, 'Activity Logs', 'Viewed activity logs', '2025-07-20 10:12:04'),
(157, 4, 'Activity Logs', 'Viewed activity logs', '2025-07-20 10:12:04'),
(158, 4, 'Activity Logs', 'Viewed activity logs', '2025-07-20 10:12:04'),
(159, 4, 'Activity Logs', 'Viewed activity logs', '2025-07-20 10:12:04'),
(160, 4, 'Activity Logs', 'Viewed activity logs', '2025-07-20 10:12:04'),
(161, 4, 'Activity Logs', 'Viewed activity logs', '2025-07-20 10:12:04'),
(162, 4, 'Activity Logs', 'Viewed activity logs', '2025-07-20 10:12:04'),
(163, 4, 'Activity Logs', 'Viewed activity logs', '2025-07-20 10:12:04'),
(164, 4, 'Activity Logs', 'Viewed activity logs', '2025-07-20 10:12:04'),
(165, 4, 'Activity Logs', 'Viewed activity logs', '2025-07-20 10:12:04'),
(166, 4, 'Activity Logs', 'Viewed activity logs', '2025-07-20 10:12:05'),
(167, 4, 'Activity Logs', 'Viewed activity logs', '2025-07-20 10:12:05'),
(168, 4, 'Activity Logs', 'Viewed activity logs', '2025-07-20 10:12:05'),
(169, 4, 'Activity Logs', 'Viewed activity logs', '2025-07-20 10:12:05'),
(170, 4, 'Activity Logs', 'Viewed activity logs', '2025-07-20 10:12:05'),
(171, 4, 'Activity Logs', 'Viewed activity logs', '2025-07-20 10:12:05'),
(172, 4, 'Activity Logs', 'Viewed activity logs', '2025-07-20 10:12:05'),
(173, 4, 'Activity Logs', 'Viewed activity logs', '2025-07-20 10:12:05'),
(174, 4, 'Activity Logs', 'Viewed activity logs', '2025-07-20 10:12:05'),
(175, 4, 'Activity Logs', 'Viewed activity logs', '2025-07-20 10:12:05'),
(176, 4, 'Activity Logs', 'Viewed activity logs', '2025-07-20 10:12:05'),
(177, 4, 'Activity Logs', 'Viewed activity logs', '2025-07-20 10:12:05'),
(178, 4, 'Activity Logs', 'Viewed activity logs', '2025-07-20 10:12:06'),
(179, 4, 'Activity Logs', 'Viewed activity logs', '2025-07-20 10:12:06'),
(180, 4, 'Activity Logs', 'Viewed activity logs', '2025-07-20 10:12:06'),
(181, 4, 'Activity Logs', 'Viewed activity logs', '2025-07-20 10:12:06'),
(182, 4, 'Activity Logs', 'Viewed activity logs', '2025-07-20 10:12:06'),
(183, 4, 'Activity Logs', 'Viewed activity logs', '2025-07-20 10:12:06'),
(184, 4, 'Activity Logs', 'Viewed activity logs', '2025-07-20 10:12:06'),
(185, 4, 'Activity Logs', 'Viewed activity logs', '2025-07-20 10:12:06'),
(186, 4, 'Activity Logs', 'Viewed activity logs', '2025-07-20 10:12:06'),
(187, 4, 'Activity Logs', 'Viewed activity logs', '2025-07-20 10:12:06'),
(188, 4, 'Activity Logs', 'Viewed activity logs', '2025-07-20 10:12:06'),
(189, 4, 'Activity Logs', 'Viewed activity logs', '2025-07-20 10:12:06'),
(190, 4, 'Activity Logs', 'Viewed activity logs', '2025-07-20 10:12:06'),
(191, 4, 'Activity Logs', 'Viewed activity logs', '2025-07-20 10:12:06'),
(192, 4, 'Activity Logs', 'Viewed activity logs', '2025-07-20 10:12:07'),
(193, 4, 'Activity Logs', 'Viewed activity logs', '2025-07-20 10:12:07'),
(194, 4, 'Activity Logs', 'Viewed activity logs', '2025-07-20 10:12:07'),
(195, 4, 'Activity Logs', 'Viewed activity logs', '2025-07-20 10:12:07'),
(196, 4, 'Activity Logs', 'Viewed activity logs', '2025-07-20 10:12:07'),
(197, 4, 'Activity Logs', 'Viewed activity logs', '2025-07-20 10:12:07'),
(198, 4, 'Activity Logs', 'Viewed activity logs', '2025-07-20 10:12:07'),
(199, 4, 'Activity Logs', 'Viewed activity logs', '2025-07-20 10:12:07'),
(200, 4, 'Activity Logs', 'Viewed activity logs', '2025-07-20 10:12:07'),
(201, 4, 'Activity Logs', 'Viewed activity logs', '2025-07-20 10:12:07'),
(202, 4, 'Activity Logs', 'Viewed activity logs', '2025-07-20 10:12:07'),
(203, 4, 'Activity Logs', 'Viewed activity logs', '2025-07-20 10:12:07'),
(204, 4, 'Activity Logs', 'Viewed activity logs', '2025-07-20 10:12:07'),
(205, 4, 'Activity Logs', 'Viewed activity logs', '2025-07-20 10:12:08'),
(206, 4, 'Activity Logs', 'Viewed activity logs', '2025-07-20 10:12:08'),
(207, 4, 'Activity Logs', 'Viewed activity logs', '2025-07-20 10:12:08'),
(208, 4, 'Activity Logs', 'Viewed activity logs', '2025-07-20 10:12:08'),
(209, 4, 'Activity Logs', 'Viewed activity logs', '2025-07-20 10:12:08'),
(210, 4, 'Activity Logs', 'Viewed activity logs', '2025-07-20 10:12:08'),
(211, 4, 'Activity Logs', 'Viewed activity logs', '2025-07-20 10:12:08'),
(212, 4, 'Activity Logs', 'Viewed activity logs', '2025-07-20 10:12:08'),
(213, 4, 'Activity Logs', 'Viewed activity logs', '2025-07-20 10:12:08'),
(214, 4, 'Activity Logs', 'Viewed activity logs', '2025-07-20 10:12:08'),
(215, 4, 'Activity Logs', 'Viewed activity logs', '2025-07-20 10:12:08'),
(216, 4, 'Activity Logs', 'Viewed activity logs', '2025-07-20 10:12:08'),
(217, 4, 'Activity Logs', 'Viewed activity logs', '2025-07-20 10:12:08'),
(218, 4, 'Activity Logs', 'Viewed activity logs', '2025-07-20 10:12:08'),
(219, 4, 'Activity Logs', 'Viewed activity logs', '2025-07-20 10:12:08'),
(220, 4, 'Activity Logs', 'Viewed activity logs', '2025-07-20 10:12:09'),
(221, 4, 'Activity Logs', 'Viewed activity logs', '2025-07-20 10:12:09'),
(222, 4, 'Activity Logs', 'Viewed activity logs', '2025-07-20 10:12:09'),
(223, 4, 'Activity Logs', 'Viewed activity logs', '2025-07-20 10:12:09'),
(224, 4, 'Activity Logs', 'Viewed activity logs', '2025-07-20 10:12:09'),
(225, 4, 'Activity Logs', 'Viewed activity logs', '2025-07-20 10:12:09'),
(226, 4, 'Activity Logs', 'Viewed activity logs', '2025-07-20 10:12:09'),
(227, 4, 'Activity Logs', 'Viewed activity logs', '2025-07-20 10:12:09'),
(228, 4, 'Activity Logs', 'Viewed activity logs', '2025-07-20 10:12:09'),
(229, 4, 'Activity Logs', 'Viewed activity logs', '2025-07-20 10:12:09'),
(230, 4, 'Activity Logs', 'Viewed activity logs', '2025-07-20 10:12:09'),
(231, 4, 'Activity Logs', 'Viewed activity logs', '2025-07-20 10:12:09'),
(232, 4, 'Activity Logs', 'Viewed activity logs', '2025-07-20 10:12:10'),
(233, 4, 'Activity Logs', 'Viewed activity logs', '2025-07-20 10:12:10'),
(234, 4, 'Activity Logs', 'Viewed activity logs', '2025-07-20 10:12:10'),
(235, 4, 'Activity Logs', 'Viewed activity logs', '2025-07-20 10:12:10'),
(236, 4, 'Activity Logs', 'Viewed activity logs', '2025-07-20 10:12:10'),
(237, 4, 'Activity Logs', 'Viewed activity logs', '2025-07-20 10:12:10'),
(238, 4, 'Activity Logs', 'Viewed activity logs', '2025-07-20 10:12:10'),
(239, 4, 'Activity Logs', 'Viewed activity logs', '2025-07-20 10:12:10'),
(240, 4, 'Activity Logs', 'Viewed activity logs', '2025-07-20 10:12:10'),
(241, 4, 'Activity Logs', 'Viewed activity logs', '2025-07-20 10:12:10'),
(242, 4, 'Activity Logs', 'Viewed activity logs', '2025-07-20 10:12:10'),
(243, 4, 'Activity Logs', 'Viewed activity logs', '2025-07-20 10:12:10'),
(244, 4, 'Activity Logs', 'Viewed activity logs', '2025-07-20 10:12:10'),
(245, 4, 'Activity Logs', 'Viewed activity logs', '2025-07-20 10:12:10'),
(246, 4, 'Activity Logs', 'Viewed activity logs', '2025-07-20 10:12:10'),
(247, 4, 'Activity Logs', 'Viewed activity logs', '2025-07-20 10:12:11'),
(248, 4, 'Activity Logs', 'Viewed activity logs', '2025-07-20 10:12:11'),
(249, 4, 'Activity Logs', 'Viewed activity logs', '2025-07-20 10:12:11'),
(250, 4, 'Activity Logs', 'Viewed activity logs', '2025-07-20 10:12:11'),
(251, 4, 'Activity Logs', 'Viewed activity logs', '2025-07-20 10:12:11'),
(252, 4, 'Activity Logs', 'Viewed activity logs', '2025-07-20 10:12:11'),
(253, 4, 'Activity Logs', 'Viewed activity logs', '2025-07-20 10:12:11'),
(254, 4, 'Activity Logs', 'Viewed activity logs', '2025-07-20 10:12:11'),
(255, 4, 'Activity Logs', 'Viewed activity logs', '2025-07-20 10:12:11'),
(256, 4, 'Activity Logs', 'Viewed activity logs', '2025-07-20 10:12:11'),
(257, 4, 'Activity Logs', 'Viewed activity logs', '2025-07-20 10:12:11'),
(258, 4, 'Activity Logs', 'Viewed activity logs', '2025-07-20 10:12:11'),
(259, 4, 'Activity Logs', 'Viewed activity logs', '2025-07-20 10:12:11'),
(260, 4, 'Activity Logs', 'Viewed activity logs', '2025-07-20 10:12:12'),
(261, 4, 'Activity Logs', 'Viewed activity logs', '2025-07-20 10:12:12'),
(262, 4, 'Activity Logs', 'Viewed activity logs', '2025-07-20 10:12:12'),
(263, 4, 'Activity Logs', 'Viewed activity logs', '2025-07-20 10:12:12'),
(264, 4, 'Activity Logs', 'Viewed activity logs', '2025-07-20 10:12:12'),
(265, 4, 'Activity Logs', 'Viewed activity logs', '2025-07-20 10:12:12'),
(266, 4, 'Activity Logs', 'Viewed activity logs', '2025-07-20 10:12:12'),
(267, 4, 'Activity Logs', 'Viewed activity logs', '2025-07-20 10:12:12'),
(268, 4, 'Activity Logs', 'Viewed activity logs', '2025-07-20 10:12:12'),
(269, 4, 'Activity Logs', 'Viewed activity logs', '2025-07-20 10:12:12'),
(270, 4, 'Activity Logs', 'Viewed activity logs', '2025-07-20 10:12:12'),
(271, 4, 'Activity Logs', 'Viewed activity logs', '2025-07-20 10:12:12'),
(272, 4, 'Activity Logs', 'Viewed activity logs', '2025-07-20 10:12:12'),
(273, 4, 'Activity Logs', 'Viewed activity logs', '2025-07-20 10:12:13'),
(274, 4, 'Activity Logs', 'Viewed activity logs', '2025-07-20 10:12:13'),
(275, 4, 'Activity Logs', 'Viewed activity logs', '2025-07-20 10:12:13'),
(276, 4, 'Activity Logs', 'Viewed activity logs', '2025-07-20 10:12:13'),
(277, 4, 'Activity Logs', 'Viewed activity logs', '2025-07-20 10:12:13'),
(278, 4, 'Activity Logs', 'Viewed activity logs', '2025-07-20 10:12:13'),
(279, 4, 'Activity Logs', 'Viewed activity logs', '2025-07-20 10:12:13'),
(280, 4, 'Activity Logs', 'Viewed activity logs', '2025-07-20 10:12:13'),
(281, 4, 'Activity Logs', 'Viewed activity logs', '2025-07-20 10:12:13'),
(282, 4, 'Activity Logs', 'Viewed activity logs', '2025-07-20 10:12:13'),
(283, 4, 'Activity Logs', 'Viewed activity logs', '2025-07-20 10:12:13'),
(284, 4, 'Activity Logs', 'Viewed activity logs', '2025-07-20 10:12:13'),
(285, 4, 'Activity Logs', 'Viewed activity logs', '2025-07-20 10:12:13'),
(286, 4, 'Activity Logs', 'Viewed activity logs', '2025-07-20 10:12:13'),
(287, 4, 'Activity Logs', 'Viewed activity logs', '2025-07-20 10:12:14'),
(288, 4, 'Activity Logs', 'Viewed activity logs', '2025-07-20 10:12:14'),
(289, 4, 'Activity Logs', 'Viewed activity logs', '2025-07-20 10:12:14'),
(290, 4, 'Activity Logs', 'Viewed activity logs', '2025-07-20 10:12:14'),
(291, 4, 'Activity Logs', 'Viewed activity logs', '2025-07-20 10:12:14'),
(292, 4, 'Activity Logs', 'Viewed activity logs', '2025-07-20 10:12:14'),
(293, 4, 'Activity Logs', 'Viewed activity logs', '2025-07-20 10:12:14'),
(294, 4, 'Activity Logs', 'Viewed activity logs', '2025-07-20 10:12:14'),
(295, 4, 'Activity Logs', 'Viewed activity logs', '2025-07-20 10:12:14'),
(296, 4, 'Activity Logs', 'Viewed activity logs', '2025-07-20 10:12:14'),
(297, 4, 'Activity Logs', 'Viewed activity logs', '2025-07-20 10:12:14'),
(298, 4, 'Activity Logs', 'Viewed activity logs', '2025-07-20 10:12:14'),
(299, 4, 'Activity Logs', 'Viewed activity logs', '2025-07-20 10:12:14'),
(300, 4, 'Activity Logs', 'Viewed activity logs', '2025-07-20 10:12:14'),
(301, 4, 'Activity Logs', 'Viewed activity logs', '2025-07-20 10:12:15'),
(302, 4, 'Activity Logs', 'Viewed activity logs', '2025-07-20 10:12:15'),
(303, 4, 'Activity Logs', 'Viewed activity logs', '2025-07-20 10:12:15'),
(304, 4, 'Activity Logs', 'Viewed activity logs', '2025-07-20 10:12:15'),
(305, 4, 'Activity Logs', 'Viewed activity logs', '2025-07-20 10:12:15'),
(306, 4, 'Activity Logs', 'Viewed activity logs', '2025-07-20 10:12:15'),
(307, 4, 'Activity Logs', 'Viewed activity logs', '2025-07-20 10:12:15'),
(308, 4, 'Activity Logs', 'Viewed activity logs', '2025-07-20 10:12:15'),
(309, 4, 'Activity Logs', 'Viewed activity logs', '2025-07-20 10:12:15'),
(310, 4, 'Activity Logs', 'Viewed activity logs', '2025-07-20 10:12:15'),
(311, 4, 'Activity Logs', 'Viewed activity logs', '2025-07-20 10:12:16'),
(312, 4, 'Activity Logs', 'Viewed activity logs', '2025-07-20 10:12:16'),
(313, 4, 'Activity Logs', 'Viewed activity logs', '2025-07-20 10:12:16'),
(314, 4, 'Activity Logs', 'Viewed activity logs', '2025-07-20 10:12:16'),
(315, 4, 'Activity Logs', 'Viewed activity logs', '2025-07-20 10:12:16'),
(316, 4, 'Activity Logs', 'Viewed activity logs', '2025-07-20 10:12:16'),
(317, 4, 'Activity Logs', 'Viewed activity logs', '2025-07-20 10:12:16'),
(318, 4, 'Activity Logs', 'Viewed activity logs', '2025-07-20 10:12:16'),
(319, 4, 'Activity Logs', 'Viewed activity logs', '2025-07-20 10:12:16'),
(320, 4, 'Activity Logs', 'Viewed activity logs', '2025-07-20 10:12:16'),
(321, 4, 'Activity Logs', 'Viewed activity logs', '2025-07-20 10:12:16'),
(322, 4, 'Activity Logs', 'Viewed activity logs', '2025-07-20 10:12:16'),
(323, 4, 'Activity Logs', 'Viewed activity logs', '2025-07-20 10:12:16'),
(324, 4, 'Activity Logs', 'Viewed activity logs', '2025-07-20 10:12:17'),
(325, 4, 'Activity Logs', 'Viewed activity logs', '2025-07-20 10:12:17'),
(326, 4, 'Activity Logs', 'Viewed activity logs', '2025-07-20 10:12:17'),
(327, 4, 'Activity Logs', 'Viewed activity logs', '2025-07-20 10:12:17'),
(328, 4, 'Activity Logs', 'Viewed activity logs', '2025-07-20 10:12:17'),
(329, 4, 'Activity Logs', 'Viewed activity logs', '2025-07-20 10:12:17'),
(330, 4, 'Activity Logs', 'Viewed activity logs', '2025-07-20 10:12:17'),
(331, 4, 'Activity Logs', 'Viewed activity logs', '2025-07-20 10:12:17'),
(332, 4, 'Activity Logs', 'Viewed activity logs', '2025-07-20 10:12:17'),
(333, 4, 'Activity Logs', 'Viewed activity logs', '2025-07-20 10:12:17'),
(334, 4, 'Activity Logs', 'Viewed activity logs', '2025-07-20 10:12:17'),
(335, 4, 'Activity Logs', 'Viewed activity logs', '2025-07-20 10:12:18'),
(336, 4, 'Activity Logs', 'Viewed activity logs', '2025-07-20 10:12:18'),
(337, 4, 'Activity Logs', 'Viewed activity logs', '2025-07-20 10:12:18'),
(338, 4, 'Activity Logs', 'Viewed activity logs', '2025-07-20 10:12:18'),
(339, 4, 'Activity Logs', 'Viewed activity logs', '2025-07-20 10:12:18'),
(340, 4, 'Activity Logs', 'Viewed activity logs', '2025-07-20 10:12:18'),
(341, 4, 'Activity Logs', 'Viewed activity logs', '2025-07-20 10:12:18'),
(342, 4, 'Activity Logs', 'Viewed activity logs', '2025-07-20 10:12:18'),
(343, 4, 'Activity Logs', 'Viewed activity logs', '2025-07-20 10:12:18'),
(344, 4, 'Activity Logs', 'Viewed activity logs', '2025-07-20 10:12:18'),
(345, 4, 'Activity Logs', 'Viewed activity logs', '2025-07-20 10:12:19'),
(346, 4, 'Activity Logs', 'Viewed activity logs', '2025-07-20 10:12:19'),
(347, 4, 'Activity Logs', 'Viewed activity logs', '2025-07-20 10:12:19'),
(348, 4, 'Activity Logs', 'Viewed activity logs', '2025-07-20 10:12:19'),
(349, 4, 'Activity Logs', 'Viewed activity logs', '2025-07-20 10:12:19'),
(350, 4, 'Activity Logs', 'Viewed activity logs', '2025-07-20 10:12:19'),
(351, 4, 'Activity Logs', 'Viewed activity logs', '2025-07-20 10:12:19'),
(352, 4, 'Activity Logs', 'Viewed activity logs', '2025-07-20 10:12:19'),
(353, 4, 'Activity Logs', 'Viewed activity logs', '2025-07-20 10:12:19'),
(354, 4, 'Activity Logs', 'Viewed activity logs', '2025-07-20 10:12:19'),
(355, 4, 'Activity Logs', 'Viewed activity logs', '2025-07-20 10:12:20'),
(356, 4, 'Activity Logs', 'Viewed activity logs', '2025-07-20 10:12:20'),
(357, 4, 'Activity Logs', 'Viewed activity logs', '2025-07-20 10:12:20'),
(358, 4, 'Activity Logs', 'Viewed activity logs', '2025-07-20 10:12:20'),
(359, 4, 'Activity Logs', 'Viewed activity logs', '2025-07-20 10:12:20'),
(360, 4, 'Activity Logs', 'Viewed activity logs', '2025-07-20 10:12:20'),
(361, 4, 'Activity Logs', 'Viewed activity logs', '2025-07-20 10:12:20'),
(362, 4, 'Activity Logs', 'Viewed activity logs', '2025-07-20 10:12:20'),
(363, 4, 'Activity Logs', 'Viewed activity logs', '2025-07-20 10:12:20'),
(364, 4, 'Activity Logs', 'Viewed activity logs', '2025-07-20 10:12:20'),
(365, 4, 'Activity Logs', 'Viewed activity logs', '2025-07-20 10:12:21'),
(366, 4, 'Activity Logs', 'Viewed activity logs', '2025-07-20 10:12:21'),
(367, 4, 'Activity Logs', 'Viewed activity logs', '2025-07-20 10:12:21'),
(368, 4, 'Activity Logs', 'Viewed activity logs', '2025-07-20 10:12:21'),
(369, 4, 'Activity Logs', 'Viewed activity logs', '2025-07-20 10:12:21'),
(370, 4, 'Activity Logs', 'Viewed activity logs', '2025-07-20 10:12:21'),
(371, 4, 'Activity Logs', 'Viewed activity logs', '2025-07-20 10:12:21'),
(372, 4, 'Activity Logs', 'Viewed activity logs', '2025-07-20 10:12:21'),
(373, 4, 'Activity Logs', 'Viewed activity logs', '2025-07-20 10:12:21'),
(374, 4, 'Activity Logs', 'Viewed activity logs', '2025-07-20 10:12:21'),
(375, 4, 'Activity Logs', 'Viewed activity logs', '2025-07-20 10:12:22'),
(376, 4, 'Activity Logs', 'Viewed activity logs', '2025-07-20 10:12:22'),
(377, 4, 'Activity Logs', 'Viewed activity logs', '2025-07-20 10:12:22'),
(378, 4, 'Activity Logs', 'Viewed activity logs', '2025-07-20 10:12:22'),
(379, 4, 'Activity Logs', 'Viewed activity logs', '2025-07-20 10:12:22'),
(380, 4, 'Activity Logs', 'Viewed activity logs', '2025-07-20 10:12:22'),
(381, 4, 'Activity Logs', 'Viewed activity logs', '2025-07-20 10:12:22'),
(382, 4, 'Activity Logs', 'Viewed activity logs', '2025-07-20 10:12:22'),
(383, 4, 'Activity Logs', 'Viewed activity logs', '2025-07-20 10:12:22'),
(384, 4, 'Activity Logs', 'Viewed activity logs', '2025-07-20 10:12:22'),
(385, 4, 'Activity Logs', 'Viewed activity logs', '2025-07-20 10:12:22'),
(386, 4, 'Activity Logs', 'Viewed activity logs', '2025-07-20 10:12:22'),
(387, 4, 'Activity Logs', 'Viewed activity logs', '2025-07-20 10:12:23'),
(388, 4, 'Activity Logs', 'Viewed activity logs', '2025-07-20 10:12:23'),
(389, 4, 'Activity Logs', 'Viewed activity logs', '2025-07-20 10:12:23'),
(390, 4, 'Activity Logs', 'Viewed activity logs', '2025-07-20 10:12:23'),
(391, 4, 'Activity Logs', 'Viewed activity logs', '2025-07-20 10:12:23'),
(392, 4, 'Activity Logs', 'Viewed activity logs', '2025-07-20 10:12:23'),
(393, 4, 'Activity Logs', 'Viewed activity logs', '2025-07-20 10:12:23'),
(394, 4, 'Activity Logs', 'Viewed activity logs', '2025-07-20 10:12:23'),
(395, 4, 'Activity Logs', 'Viewed activity logs', '2025-07-20 10:12:23'),
(396, 4, 'Activity Logs', 'Viewed activity logs', '2025-07-20 10:12:23'),
(397, 4, 'Activity Logs', 'Viewed activity logs', '2025-07-20 10:12:23'),
(398, 4, 'Activity Logs', 'Viewed activity logs', '2025-07-20 10:12:23'),
(399, 4, 'Activity Logs', 'Viewed activity logs', '2025-07-20 10:12:23'),
(400, 4, 'Activity Logs', 'Viewed activity logs', '2025-07-20 10:12:23'),
(401, 4, 'Activity Logs', 'Viewed activity logs', '2025-07-20 10:12:23'),
(402, 4, 'Activity Logs', 'Viewed activity logs', '2025-07-20 10:12:24'),
(403, 4, 'Activity Logs', 'Viewed activity logs', '2025-07-20 10:12:24'),
(404, 4, 'Activity Logs', 'Viewed activity logs', '2025-07-20 10:12:24'),
(405, 4, 'Activity Logs', 'Viewed activity logs', '2025-07-20 10:12:24'),
(406, 4, 'Activity Logs', 'Viewed activity logs', '2025-07-20 10:12:24'),
(407, 4, 'Activity Logs', 'Viewed activity logs', '2025-07-20 10:12:24'),
(408, 4, 'Activity Logs', 'Viewed activity logs', '2025-07-20 10:12:24'),
(409, 4, 'Activity Logs', 'Viewed activity logs', '2025-07-20 10:12:24'),
(410, 4, 'Activity Logs', 'Viewed activity logs', '2025-07-20 10:12:24'),
(411, 4, 'Activity Logs', 'Viewed activity logs', '2025-07-20 10:12:24'),
(412, 4, 'Activity Logs', 'Viewed activity logs', '2025-07-20 10:12:24'),
(413, 4, 'Activity Logs', 'Viewed activity logs', '2025-07-20 10:12:24'),
(414, 4, 'Activity Logs', 'Viewed activity logs', '2025-07-20 10:12:24'),
(415, 4, 'Activity Logs', 'Viewed activity logs', '2025-07-20 10:12:24'),
(416, 4, 'Activity Logs', 'Viewed activity logs', '2025-07-20 10:12:25'),
(417, 4, 'Activity Logs', 'Viewed activity logs', '2025-07-20 10:12:25'),
(418, 4, 'Activity Logs', 'Viewed activity logs', '2025-07-20 10:12:25'),
(419, 4, 'Activity Logs', 'Viewed activity logs', '2025-07-20 10:12:25'),
(420, 4, 'Activity Logs', 'Viewed activity logs', '2025-07-20 10:12:25'),
(421, 4, 'Activity Logs', 'Viewed activity logs', '2025-07-20 10:12:25'),
(422, 4, 'Activity Logs', 'Viewed activity logs', '2025-07-20 10:12:25'),
(423, 4, 'Activity Logs', 'Viewed activity logs', '2025-07-20 10:12:25'),
(424, 4, 'Activity Logs', 'Viewed activity logs', '2025-07-20 10:12:25'),
(425, 4, 'Activity Logs', 'Viewed activity logs', '2025-07-20 10:12:25'),
(426, 4, 'Activity Logs', 'Viewed activity logs', '2025-07-20 10:12:25'),
(427, 4, 'Activity Logs', 'Viewed activity logs', '2025-07-20 10:12:25'),
(428, 4, 'Activity Logs', 'Viewed activity logs', '2025-07-20 10:12:25'),
(429, 4, 'Activity Logs', 'Viewed activity logs', '2025-07-20 10:12:26'),
(430, 4, 'Activity Logs', 'Viewed activity logs', '2025-07-20 10:12:26'),
(431, 4, 'Activity Logs', 'Viewed activity logs', '2025-07-20 10:12:26'),
(432, 4, 'Activity Logs', 'Viewed activity logs', '2025-07-20 10:12:26'),
(433, 4, 'Activity Logs', 'Viewed activity logs', '2025-07-20 10:12:26'),
(434, 4, 'Activity Logs', 'Viewed activity logs', '2025-07-20 10:12:26'),
(435, 4, 'Activity Logs', 'Viewed activity logs', '2025-07-20 10:12:26'),
(436, 4, 'Activity Logs', 'Viewed activity logs', '2025-07-20 10:12:26'),
(437, 4, 'Activity Logs', 'Viewed activity logs', '2025-07-20 10:12:26'),
(438, 4, 'Activity Logs', 'Viewed activity logs', '2025-07-20 10:12:26'),
(439, 4, 'Activity Logs', 'Viewed activity logs', '2025-07-20 10:12:26'),
(440, 4, 'Activity Logs', 'Viewed activity logs', '2025-07-20 10:12:26'),
(441, 4, 'Activity Logs', 'Viewed activity logs', '2025-07-20 10:12:27'),
(442, 4, 'Activity Logs', 'Viewed activity logs', '2025-07-20 10:12:27'),
(443, 4, 'Activity Logs', 'Viewed activity logs', '2025-07-20 10:12:27'),
(444, 4, 'Activity Logs', 'Viewed activity logs', '2025-07-20 10:12:27'),
(445, 4, 'Activity Logs', 'Viewed activity logs', '2025-07-20 10:12:27'),
(446, 4, 'Activity Logs', 'Viewed activity logs', '2025-07-20 10:12:27'),
(447, 4, 'Activity Logs', 'Viewed activity logs', '2025-07-20 10:12:27'),
(448, 4, 'Dashboard Access', 'Accessed admin dashboard', '2025-07-20 10:12:38'),
(449, 4, 'Dashboard Access', 'Accessed admin dashboard', '2025-07-20 10:13:00'),
(450, 4, 'Bottle Deposits Access', 'Viewed bottle deposits list', '2025-07-20 10:13:11'),
(451, 4, 'Bottle Deposits Access', 'Viewed bottle deposits list', '2025-07-20 10:14:03'),
(452, 4, 'Bottle Deposits Access', 'Viewed bottle deposits list', '2025-07-20 10:14:04'),
(453, 4, 'Bottle Deposits Access', 'Viewed bottle deposits list', '2025-07-20 10:14:05'),
(454, 4, 'Bottle Deposits Access', 'Viewed bottle deposits list', '2025-07-20 10:14:07'),
(455, 4, 'Bottle Deposits Access', 'Viewed bottle deposits list', '2025-07-20 10:14:09'),
(456, 4, 'Settings Access', 'Accessed settings page', '2025-07-20 10:14:18'),
(457, 4, 'Settings Access', 'Accessed settings page', '2025-07-20 10:14:34'),
(458, 4, 'Settings Access', 'Accessed settings page', '2025-07-20 10:14:48'),
(459, 4, 'Dashboard Access', 'Accessed admin dashboard', '2025-07-20 10:14:51'),
(460, 4, 'Bottle Deposits Access', 'Viewed bottle deposits list', '2025-07-20 10:15:01'),
(461, 4, 'Vouchers Access', 'Viewed vouchers list', '2025-07-20 10:15:09'),
(462, 4, 'Vouchers Access', 'Viewed vouchers list', '2025-07-20 10:15:14'),
(463, 4, 'Vouchers Access', 'Viewed vouchers list', '2025-07-20 10:15:16'),
(464, 4, 'Vouchers Access', 'Viewed vouchers list', '2025-07-20 10:16:45'),
(465, 4, 'Vouchers Access', 'Viewed vouchers list', '2025-07-20 10:17:08'),
(466, 4, 'Dashboard Access', 'Accessed admin dashboard', '2025-07-20 10:17:10'),
(467, 4, 'Users Access', 'Viewed users list', '2025-07-20 10:17:15'),
(468, 4, 'User Delete', 'Deleted user #3 from User table.', '2025-07-20 10:17:22'),
(469, 4, 'Users Access', 'Viewed users list', '2025-07-20 10:17:22'),
(470, 4, 'Users Access', 'Viewed users list', '2025-07-20 10:17:44'),
(471, 4, 'Users Access', 'Viewed users list', '2025-07-20 10:17:49'),
(472, 4, 'Bins Access', 'Viewed trash bins list', '2025-07-20 10:19:43'),
(473, 4, 'Bins Access', 'Viewed trash bins list', '2025-07-20 10:19:57'),
(474, 4, 'Dashboard Access', 'Accessed admin dashboard', '2025-07-20 12:00:40'),
(475, 4, 'Dashboard Access', 'Accessed admin dashboard', '2025-07-20 12:00:51'),
(476, 4, 'Bins Access', 'Viewed trash bins list', '2025-07-20 12:04:23'),
(477, 4, 'Bin Added', 'Added new bin #4 (Capacity: 5, Level: 4, Status: partial, Janitor: 1)', '2025-07-20 12:05:06'),
(478, 4, 'Bins Access', 'Viewed trash bins list', '2025-07-20 12:05:06'),
(479, 4, 'Network Monitoring', 'Viewed active-sessions', '2025-07-20 12:10:06'),
(480, 4, 'Network Monitoring', 'Viewed session-logs', '2025-07-20 12:10:11'),
(481, 4, 'Network Monitoring', 'Viewed student-sessions', '2025-07-20 12:10:12'),
(482, 4, 'Network Monitoring', 'Viewed bandwidth-usage', '2025-07-20 12:10:13'),
(483, 4, 'Network Monitoring', 'Viewed student-sessions', '2025-07-20 12:10:17'),
(484, 4, 'Network Monitoring', 'Viewed session-logs', '2025-07-20 12:10:18'),
(485, 4, 'Network Monitoring', 'Viewed active-sessions', '2025-07-20 12:10:19'),
(486, 4, 'Network Monitoring', 'Viewed session-logs', '2025-07-20 12:10:19'),
(487, 4, 'Network Monitoring', 'Viewed student-sessions', '2025-07-20 12:10:20'),
(488, 4, 'Network Monitoring', 'Viewed bandwidth-usage', '2025-07-20 12:10:20'),
(489, 4, 'Users Access', 'Viewed users list', '2025-07-20 12:10:22'),
(490, 4, 'Activity Logs', 'Viewed activity logs', '2025-07-20 12:10:24'),
(491, 4, 'Activity Logs', 'Viewed activity logs', '2025-07-20 12:10:24'),
(492, 4, 'Activity Logs', 'Viewed activity logs', '2025-07-20 12:10:24'),
(493, 4, 'Activity Logs', 'Viewed activity logs', '2025-07-20 12:10:24'),
(494, 4, 'Activity Logs', 'Viewed activity logs', '2025-07-20 12:10:24'),
(495, 4, 'Activity Logs', 'Viewed activity logs', '2025-07-20 12:10:24'),
(496, 4, 'Activity Logs', 'Viewed activity logs', '2025-07-20 12:10:24'),
(497, 4, 'Activity Logs', 'Viewed activity logs', '2025-07-20 12:10:24'),
(498, 4, 'Activity Logs', 'Viewed activity logs', '2025-07-20 12:10:25'),
(499, 4, 'Activity Logs', 'Viewed activity logs', '2025-07-20 12:10:25'),
(500, 4, 'Activity Logs', 'Viewed activity logs', '2025-07-20 12:10:25'),
(501, 4, 'Activity Logs', 'Viewed activity logs', '2025-07-20 12:10:25'),
(502, 4, 'Activity Logs', 'Viewed activity logs', '2025-07-20 12:10:25'),
(503, 4, 'Activity Logs', 'Viewed activity logs', '2025-07-20 12:10:25'),
(504, 4, 'Activity Logs', 'Viewed activity logs', '2025-07-20 12:10:25'),
(505, 4, 'Activity Logs', 'Viewed activity logs', '2025-07-20 12:10:25'),
(506, 4, 'Activity Logs', 'Viewed activity logs', '2025-07-20 12:10:25'),
(507, 4, 'Activity Logs', 'Viewed activity logs', '2025-07-20 12:10:25'),
(508, 4, 'Activity Logs', 'Viewed activity logs', '2025-07-20 12:10:25'),
(509, 4, 'Activity Logs', 'Viewed activity logs', '2025-07-20 12:10:25'),
(510, 4, 'Activity Logs', 'Viewed activity logs', '2025-07-20 12:10:25'),
(511, 4, 'Activity Logs', 'Viewed activity logs', '2025-07-20 12:10:26'),
(512, 4, 'Activity Logs', 'Viewed activity logs', '2025-07-20 12:10:26'),
(513, 4, 'Activity Logs', 'Viewed activity logs', '2025-07-20 12:10:26'),
(514, 4, 'Activity Logs', 'Viewed activity logs', '2025-07-20 12:10:26'),
(515, 4, 'Activity Logs', 'Viewed activity logs', '2025-07-20 12:10:26'),
(516, 4, 'Activity Logs', 'Viewed activity logs', '2025-07-20 12:10:26'),
(517, 4, 'Activity Logs', 'Viewed activity logs', '2025-07-20 12:10:26'),
(518, 4, 'Activity Logs', 'Viewed activity logs', '2025-07-20 12:10:26'),
(519, 4, 'Activity Logs', 'Viewed activity logs', '2025-07-20 12:10:26'),
(520, 4, 'Activity Logs', 'Viewed activity logs', '2025-07-20 12:10:26'),
(521, 4, 'Activity Logs', 'Viewed activity logs', '2025-07-20 12:10:26'),
(522, 4, 'Activity Logs', 'Viewed activity logs', '2025-07-20 12:10:26'),
(523, 4, 'Activity Logs', 'Viewed activity logs', '2025-07-20 12:10:27'),
(524, 4, 'Activity Logs', 'Viewed activity logs', '2025-07-20 12:10:27'),
(525, 4, 'Activity Logs', 'Viewed activity logs', '2025-07-20 12:10:27'),
(526, 4, 'Activity Logs', 'Viewed activity logs', '2025-07-20 12:10:27'),
(527, 4, 'Activity Logs', 'Viewed activity logs', '2025-07-20 12:10:27'),
(528, 4, 'Activity Logs', 'Viewed activity logs', '2025-07-20 12:10:27'),
(529, 4, 'Activity Logs', 'Viewed activity logs', '2025-07-20 12:10:27'),
(530, 4, 'Activity Logs', 'Viewed activity logs', '2025-07-20 12:10:27'),
(531, 4, 'Activity Logs', 'Viewed activity logs', '2025-07-20 12:10:27'),
(532, 4, 'Activity Logs', 'Viewed activity logs', '2025-07-20 12:10:27'),
(533, 4, 'Activity Logs', 'Viewed activity logs', '2025-07-20 12:10:27'),
(534, 4, 'Activity Logs', 'Viewed activity logs', '2025-07-20 12:10:27'),
(535, 4, 'Activity Logs', 'Viewed activity logs', '2025-07-20 12:10:28'),
(536, 4, 'Activity Logs', 'Viewed activity logs', '2025-07-20 12:10:28'),
(537, 4, 'Activity Logs', 'Viewed activity logs', '2025-07-20 12:10:28'),
(538, 4, 'Activity Logs', 'Viewed activity logs', '2025-07-20 12:10:28'),
(539, 4, 'Activity Logs', 'Viewed activity logs', '2025-07-20 12:10:28'),
(540, 4, 'Activity Logs', 'Viewed activity logs', '2025-07-20 12:10:28'),
(541, 4, 'Activity Logs', 'Viewed activity logs', '2025-07-20 12:10:28'),
(542, 4, 'Activity Logs', 'Viewed activity logs', '2025-07-20 12:10:28'),
(543, 4, 'Activity Logs', 'Viewed activity logs', '2025-07-20 12:10:28'),
(544, 4, 'Activity Logs', 'Viewed activity logs', '2025-07-20 12:10:28'),
(545, 4, 'Activity Logs', 'Viewed activity logs', '2025-07-20 12:10:28'),
(546, 4, 'Activity Logs', 'Viewed activity logs', '2025-07-20 12:10:29'),
(547, 4, 'Activity Logs', 'Viewed activity logs', '2025-07-20 12:10:29'),
(548, 4, 'Activity Logs', 'Viewed activity logs', '2025-07-20 12:10:29'),
(549, 4, 'Activity Logs', 'Viewed activity logs', '2025-07-20 12:10:29'),
(550, 4, 'Activity Logs', 'Viewed activity logs', '2025-07-20 12:10:29'),
(551, 4, 'Activity Logs', 'Viewed activity logs', '2025-07-20 12:10:29'),
(552, 4, 'Activity Logs', 'Viewed activity logs', '2025-07-20 12:10:29'),
(553, 4, 'Activity Logs', 'Viewed activity logs', '2025-07-20 12:10:29'),
(554, 4, 'Activity Logs', 'Viewed activity logs', '2025-07-20 12:10:29'),
(555, 4, 'Activity Logs', 'Viewed activity logs', '2025-07-20 12:10:29'),
(556, 4, 'Activity Logs', 'Viewed activity logs', '2025-07-20 12:10:29'),
(557, 4, 'Activity Logs', 'Viewed activity logs', '2025-07-20 12:10:29'),
(558, 4, 'Activity Logs', 'Viewed activity logs', '2025-07-20 12:10:29'),
(559, 4, 'Activity Logs', 'Viewed activity logs', '2025-07-20 12:10:30'),
(560, 4, 'Activity Logs', 'Viewed activity logs', '2025-07-20 12:10:30'),
(561, 4, 'Activity Logs', 'Viewed activity logs', '2025-07-20 12:10:30'),
(562, 4, 'Activity Logs', 'Viewed activity logs', '2025-07-20 12:10:30'),
(563, 4, 'Activity Logs', 'Viewed activity logs', '2025-07-20 12:10:30'),
(564, 4, 'Activity Logs', 'Viewed activity logs', '2025-07-20 12:10:30'),
(565, 4, 'Activity Logs', 'Viewed activity logs', '2025-07-20 12:10:30'),
(566, 4, 'Activity Logs', 'Viewed activity logs', '2025-07-20 12:10:30'),
(567, 4, 'Activity Logs', 'Viewed activity logs', '2025-07-20 12:10:30'),
(568, 4, 'Activity Logs', 'Viewed activity logs', '2025-07-20 12:10:30'),
(569, 4, 'Activity Logs', 'Viewed activity logs', '2025-07-20 12:10:30'),
(570, 4, 'Activity Logs', 'Viewed activity logs', '2025-07-20 12:10:31'),
(571, 4, 'Activity Logs', 'Viewed activity logs', '2025-07-20 12:10:31'),
(572, 4, 'Activity Logs', 'Viewed activity logs', '2025-07-20 12:10:31'),
(573, 4, 'Activity Logs', 'Viewed activity logs', '2025-07-20 12:10:31'),
(574, 4, 'Activity Logs', 'Viewed activity logs', '2025-07-20 12:10:31'),
(575, 4, 'Activity Logs', 'Viewed activity logs', '2025-07-20 12:10:31'),
(576, 4, 'Activity Logs', 'Viewed activity logs', '2025-07-20 12:10:31'),
(577, 4, 'Activity Logs', 'Viewed activity logs', '2025-07-20 12:10:31'),
(578, 4, 'Activity Logs', 'Viewed activity logs', '2025-07-20 12:10:32'),
(579, 4, 'Activity Logs', 'Viewed activity logs', '2025-07-20 12:10:32'),
(580, 4, 'Activity Logs', 'Viewed activity logs', '2025-07-20 12:10:32'),
(581, 4, 'Activity Logs', 'Viewed activity logs', '2025-07-20 12:10:32'),
(582, 4, 'Activity Logs', 'Viewed activity logs', '2025-07-20 12:10:32'),
(583, 4, 'Activity Logs', 'Viewed activity logs', '2025-07-20 12:10:32'),
(584, 4, 'Activity Logs', 'Viewed activity logs', '2025-07-20 12:10:32'),
(585, 4, 'Activity Logs', 'Viewed activity logs', '2025-07-20 12:10:32'),
(586, 4, 'Activity Logs', 'Viewed activity logs', '2025-07-20 12:10:32'),
(587, 4, 'Activity Logs', 'Viewed activity logs', '2025-07-20 12:10:33'),
(588, 4, 'Activity Logs', 'Viewed activity logs', '2025-07-20 12:10:33'),
(589, 4, 'Activity Logs', 'Viewed activity logs', '2025-07-20 12:10:33'),
(590, 4, 'Activity Logs', 'Viewed activity logs', '2025-07-20 12:10:33'),
(591, 4, 'Activity Logs', 'Viewed activity logs', '2025-07-20 12:10:33'),
(592, 4, 'Activity Logs', 'Viewed activity logs', '2025-07-20 12:10:33'),
(593, 4, 'Activity Logs', 'Viewed activity logs', '2025-07-20 12:10:34'),
(594, 4, 'Activity Logs', 'Viewed activity logs', '2025-07-20 12:10:34'),
(595, 4, 'Activity Logs', 'Viewed activity logs', '2025-07-20 12:10:34'),
(596, 4, 'Activity Logs', 'Viewed activity logs', '2025-07-20 12:10:34'),
(597, 4, 'Activity Logs', 'Viewed activity logs', '2025-07-20 12:10:34'),
(598, 4, 'Activity Logs', 'Viewed activity logs', '2025-07-20 12:10:35'),
(599, 4, 'Activity Logs', 'Viewed activity logs', '2025-07-20 12:10:35'),
(600, 4, 'Activity Logs', 'Viewed activity logs', '2025-07-20 12:10:35'),
(601, 4, 'Activity Logs', 'Viewed activity logs', '2025-07-20 12:10:35'),
(602, 4, 'Activity Logs', 'Viewed activity logs', '2025-07-20 12:10:35'),
(603, 4, 'Activity Logs', 'Viewed activity logs', '2025-07-20 12:10:35'),
(604, 4, 'Activity Logs', 'Viewed activity logs', '2025-07-20 12:10:35'),
(605, 4, 'Activity Logs', 'Viewed activity logs', '2025-07-20 12:10:36'),
(606, 4, 'Activity Logs', 'Viewed activity logs', '2025-07-20 12:10:36'),
(607, 4, 'Activity Logs', 'Viewed activity logs', '2025-07-20 12:10:36'),
(608, 4, 'Activity Logs', 'Viewed activity logs', '2025-07-20 12:10:36'),
(609, 4, 'Activity Logs', 'Viewed activity logs', '2025-07-20 12:10:37'),
(610, 4, 'Activity Logs', 'Viewed activity logs', '2025-07-20 12:10:38'),
(611, 4, 'Activity Logs', 'Viewed activity logs', '2025-07-20 12:10:38'),
(612, 4, 'Activity Logs', 'Viewed activity logs', '2025-07-20 12:10:38'),
(613, 4, 'Activity Logs', 'Viewed activity logs', '2025-07-20 12:10:38'),
(614, 4, 'Activity Logs', 'Viewed activity logs', '2025-07-20 12:10:39'),
(615, 4, 'Activity Logs', 'Viewed activity logs', '2025-07-20 12:10:39'),
(616, 4, 'Activity Logs', 'Viewed activity logs', '2025-07-20 12:10:39'),
(617, 4, 'Activity Logs', 'Viewed activity logs', '2025-07-20 12:10:39'),
(618, 4, 'Activity Logs', 'Viewed activity logs', '2025-07-20 12:10:39'),
(619, 4, 'Activity Logs', 'Viewed activity logs', '2025-07-20 12:10:39'),
(620, 4, 'Activity Logs', 'Viewed activity logs', '2025-07-20 12:10:40'),
(621, 4, 'Activity Logs', 'Viewed activity logs', '2025-07-20 12:10:40'),
(622, 4, 'Activity Logs', 'Viewed activity logs', '2025-07-20 12:10:40'),
(623, 4, 'Activity Logs', 'Viewed activity logs', '2025-07-20 12:10:40'),
(624, 4, 'Activity Logs', 'Viewed activity logs', '2025-07-20 12:10:40'),
(625, 4, 'Activity Logs', 'Viewed activity logs', '2025-07-20 12:10:40'),
(626, 4, 'Activity Logs', 'Viewed activity logs', '2025-07-20 12:10:40'),
(627, 4, 'Activity Logs', 'Viewed activity logs', '2025-07-20 12:10:40'),
(628, 4, 'Activity Logs', 'Viewed activity logs', '2025-07-20 12:10:40'),
(629, 4, 'Activity Logs', 'Viewed activity logs', '2025-07-20 12:10:41'),
(630, 4, 'Activity Logs', 'Viewed activity logs', '2025-07-20 12:10:41'),
(631, 4, 'Activity Logs', 'Viewed activity logs', '2025-07-20 12:10:41'),
(632, 4, 'Activity Logs', 'Viewed activity logs', '2025-07-20 12:10:41'),
(633, 4, 'Activity Logs', 'Viewed activity logs', '2025-07-20 12:10:41'),
(634, 4, 'Activity Logs', 'Viewed activity logs', '2025-07-20 12:10:41'),
(635, 4, 'Activity Logs', 'Viewed activity logs', '2025-07-20 12:10:41'),
(636, 4, 'Activity Logs', 'Viewed activity logs', '2025-07-20 12:10:41'),
(637, 4, 'Activity Logs', 'Viewed activity logs', '2025-07-20 12:10:42'),
(638, 4, 'Activity Logs', 'Viewed activity logs', '2025-07-20 12:10:42'),
(639, 4, 'Activity Logs', 'Viewed activity logs', '2025-07-20 12:10:42'),
(640, 4, 'Activity Logs', 'Viewed activity logs', '2025-07-20 12:10:42'),
(641, 4, 'Activity Logs', 'Viewed activity logs', '2025-07-20 12:10:42'),
(642, 4, 'Activity Logs', 'Viewed activity logs', '2025-07-20 12:10:42'),
(643, 4, 'Activity Logs', 'Viewed activity logs', '2025-07-20 12:10:42'),
(644, 4, 'Activity Logs', 'Viewed activity logs', '2025-07-20 12:10:42'),
(645, 4, 'Activity Logs', 'Viewed activity logs', '2025-07-20 12:10:42'),
(646, 4, 'Activity Logs', 'Viewed activity logs', '2025-07-20 12:10:43'),
(647, 4, 'Activity Logs', 'Viewed activity logs', '2025-07-20 12:10:43'),
(648, 4, 'Activity Logs', 'Viewed activity logs', '2025-07-20 12:10:43'),
(649, 4, 'Activity Logs', 'Viewed activity logs', '2025-07-20 12:10:43'),
(650, 4, 'Activity Logs', 'Viewed activity logs', '2025-07-20 12:10:43'),
(651, 4, 'Activity Logs', 'Viewed activity logs', '2025-07-20 12:10:43'),
(652, 4, 'Activity Logs', 'Viewed activity logs', '2025-07-20 12:10:43'),
(653, 4, 'Activity Logs', 'Viewed activity logs', '2025-07-20 12:10:43'),
(654, 4, 'Activity Logs', 'Viewed activity logs', '2025-07-20 12:10:43'),
(655, 4, 'Activity Logs', 'Viewed activity logs', '2025-07-20 12:10:44'),
(656, 4, 'Activity Logs', 'Viewed activity logs', '2025-07-20 12:10:44'),
(657, 4, 'Activity Logs', 'Viewed activity logs', '2025-07-20 12:10:44'),
(658, 4, 'Activity Logs', 'Viewed activity logs', '2025-07-20 12:10:44'),
(659, 4, 'Activity Logs', 'Viewed activity logs', '2025-07-20 12:10:44'),
(660, 4, 'Activity Logs', 'Viewed activity logs', '2025-07-20 12:10:44'),
(661, 4, 'Activity Logs', 'Viewed activity logs', '2025-07-20 12:10:44'),
(662, 4, 'Activity Logs', 'Viewed activity logs', '2025-07-20 12:10:44'),
(663, 4, 'Activity Logs', 'Viewed activity logs', '2025-07-20 12:10:44'),
(664, 4, 'Activity Logs', 'Viewed activity logs', '2025-07-20 12:10:44'),
(665, 4, 'Activity Logs', 'Viewed activity logs', '2025-07-20 12:10:45'),
(666, 4, 'Activity Logs', 'Viewed activity logs', '2025-07-20 12:10:45'),
(667, 4, 'Activity Logs', 'Viewed activity logs', '2025-07-20 12:10:45'),
(668, 4, 'Activity Logs', 'Viewed activity logs', '2025-07-20 12:10:45'),
(669, 4, 'Activity Logs', 'Viewed activity logs', '2025-07-20 12:10:45'),
(670, 4, 'Activity Logs', 'Viewed activity logs', '2025-07-20 12:10:45'),
(671, 4, 'Activity Logs', 'Viewed activity logs', '2025-07-20 12:10:45'),
(672, 4, 'Activity Logs', 'Viewed activity logs', '2025-07-20 12:10:45'),
(673, 4, 'Activity Logs', 'Viewed activity logs', '2025-07-20 12:10:45'),
(674, 4, 'Activity Logs', 'Viewed activity logs', '2025-07-20 12:10:45'),
(675, 4, 'Activity Logs', 'Viewed activity logs', '2025-07-20 12:10:46'),
(676, 4, 'Activity Logs', 'Viewed activity logs', '2025-07-20 12:10:46'),
(677, 4, 'Activity Logs', 'Viewed activity logs', '2025-07-20 12:10:46'),
(678, 4, 'Activity Logs', 'Viewed activity logs', '2025-07-20 12:10:46'),
(679, 4, 'Activity Logs', 'Viewed activity logs', '2025-07-20 12:10:46'),
(680, 4, 'Activity Logs', 'Viewed activity logs', '2025-07-20 12:10:46'),
(681, 4, 'Activity Logs', 'Viewed activity logs', '2025-07-20 12:10:46'),
(682, 4, 'Activity Logs', 'Viewed activity logs', '2025-07-20 12:10:46'),
(683, 4, 'Activity Logs', 'Viewed activity logs', '2025-07-20 12:10:46'),
(684, 4, 'Activity Logs', 'Viewed activity logs', '2025-07-20 12:10:47'),
(685, 4, 'Activity Logs', 'Viewed activity logs', '2025-07-20 12:10:47'),
(686, 4, 'Activity Logs', 'Viewed activity logs', '2025-07-20 12:10:47'),
(687, 4, 'Activity Logs', 'Viewed activity logs', '2025-07-20 12:10:47'),
(688, 4, 'Activity Logs', 'Viewed activity logs', '2025-07-20 12:10:47'),
(689, 4, 'Activity Logs', 'Viewed activity logs', '2025-07-20 12:10:47');
INSERT INTO `systemlog` (`log_id`, `admin_id`, `action`, `details`, `timestamp`) VALUES
(690, 4, 'Activity Logs', 'Viewed activity logs', '2025-07-20 12:10:47'),
(691, 4, 'Activity Logs', 'Viewed activity logs', '2025-07-20 12:10:47'),
(692, 4, 'Activity Logs', 'Viewed activity logs', '2025-07-20 12:10:47'),
(693, 4, 'Activity Logs', 'Viewed activity logs', '2025-07-20 12:10:47'),
(694, 4, 'Activity Logs', 'Viewed activity logs', '2025-07-20 12:10:47'),
(695, 4, 'Activity Logs', 'Viewed activity logs', '2025-07-20 12:10:47'),
(696, 4, 'Activity Logs', 'Viewed activity logs', '2025-07-20 12:10:48'),
(697, 4, 'Activity Logs', 'Viewed activity logs', '2025-07-20 12:10:48'),
(698, 4, 'Activity Logs', 'Viewed activity logs', '2025-07-20 12:10:48'),
(699, 4, 'Activity Logs', 'Viewed activity logs', '2025-07-20 12:10:48'),
(700, 4, 'Activity Logs', 'Viewed activity logs', '2025-07-20 12:10:48'),
(701, 4, 'Activity Logs', 'Viewed activity logs', '2025-07-20 12:10:48'),
(702, 4, 'Activity Logs', 'Viewed activity logs', '2025-07-20 12:10:48'),
(703, 4, 'Activity Logs', 'Viewed activity logs', '2025-07-20 12:10:48'),
(704, 4, 'Activity Logs', 'Viewed activity logs', '2025-07-20 12:10:48'),
(705, 4, 'Activity Logs', 'Viewed activity logs', '2025-07-20 12:10:48'),
(706, 4, 'Activity Logs', 'Viewed activity logs', '2025-07-20 12:10:48'),
(707, 4, 'Activity Logs', 'Viewed activity logs', '2025-07-20 12:10:48'),
(708, 4, 'Activity Logs', 'Viewed activity logs', '2025-07-20 12:10:49'),
(709, 4, 'Activity Logs', 'Viewed activity logs', '2025-07-20 12:10:49'),
(710, 4, 'Activity Logs', 'Viewed activity logs', '2025-07-20 12:10:49'),
(711, 4, 'Activity Logs', 'Viewed activity logs', '2025-07-20 12:10:49'),
(712, 4, 'Activity Logs', 'Viewed activity logs', '2025-07-20 12:10:49'),
(713, 4, 'Activity Logs', 'Viewed activity logs', '2025-07-20 12:10:49'),
(714, 4, 'Activity Logs', 'Viewed activity logs', '2025-07-20 12:10:49'),
(715, 4, 'Activity Logs', 'Viewed activity logs', '2025-07-20 12:10:49'),
(716, 4, 'Activity Logs', 'Viewed activity logs', '2025-07-20 12:10:49'),
(717, 4, 'Activity Logs', 'Viewed activity logs', '2025-07-20 12:10:49'),
(718, 4, 'Activity Logs', 'Viewed activity logs', '2025-07-20 12:10:50'),
(719, 4, 'Activity Logs', 'Viewed activity logs', '2025-07-20 12:10:50'),
(720, 4, 'Activity Logs', 'Viewed activity logs', '2025-07-20 12:10:50'),
(721, 4, 'Activity Logs', 'Viewed activity logs', '2025-07-20 12:10:50'),
(722, 4, 'Activity Logs', 'Viewed activity logs', '2025-07-20 12:10:50'),
(723, 4, 'Activity Logs', 'Viewed activity logs', '2025-07-20 12:10:50'),
(724, 4, 'Activity Logs', 'Viewed activity logs', '2025-07-20 12:10:50'),
(725, 4, 'Activity Logs', 'Viewed activity logs', '2025-07-20 12:10:50'),
(726, 4, 'Activity Logs', 'Viewed activity logs', '2025-07-20 12:10:51'),
(727, 4, 'Activity Logs', 'Viewed activity logs', '2025-07-20 12:10:51'),
(728, 4, 'Activity Logs', 'Viewed activity logs', '2025-07-20 12:10:51'),
(729, 4, 'Activity Logs', 'Viewed activity logs', '2025-07-20 12:10:51'),
(730, 4, 'Activity Logs', 'Viewed activity logs', '2025-07-20 12:10:51'),
(731, 4, 'Activity Logs', 'Viewed activity logs', '2025-07-20 12:10:51'),
(732, 4, 'Activity Logs', 'Viewed activity logs', '2025-07-20 12:10:51'),
(733, 4, 'Activity Logs', 'Viewed activity logs', '2025-07-20 12:10:51'),
(734, 4, 'Activity Logs', 'Viewed activity logs', '2025-07-20 12:10:51'),
(735, 4, 'Activity Logs', 'Viewed activity logs', '2025-07-20 12:10:51'),
(736, 4, 'Activity Logs', 'Viewed activity logs', '2025-07-20 12:10:52'),
(737, 4, 'Activity Logs', 'Viewed activity logs', '2025-07-20 12:10:52'),
(738, 4, 'Activity Logs', 'Viewed activity logs', '2025-07-20 12:10:52'),
(739, 4, 'Activity Logs', 'Viewed activity logs', '2025-07-20 12:10:52'),
(740, 4, 'Activity Logs', 'Viewed activity logs', '2025-07-20 12:10:52'),
(741, 4, 'Activity Logs', 'Viewed activity logs', '2025-07-20 12:10:52'),
(742, 4, 'Activity Logs', 'Viewed activity logs', '2025-07-20 12:10:52'),
(743, 4, 'Activity Logs', 'Viewed activity logs', '2025-07-20 12:10:52'),
(744, 4, 'Activity Logs', 'Viewed activity logs', '2025-07-20 12:10:52'),
(745, 4, 'Activity Logs', 'Viewed activity logs', '2025-07-20 12:10:53'),
(746, 4, 'Activity Logs', 'Viewed activity logs', '2025-07-20 12:10:53'),
(747, 4, 'Activity Logs', 'Viewed activity logs', '2025-07-20 12:10:53'),
(748, 4, 'Activity Logs', 'Viewed activity logs', '2025-07-20 12:10:53'),
(749, 4, 'Activity Logs', 'Viewed activity logs', '2025-07-20 12:10:53'),
(750, 4, 'Activity Logs', 'Viewed activity logs', '2025-07-20 12:10:53'),
(751, 4, 'Activity Logs', 'Viewed activity logs', '2025-07-20 12:10:53'),
(752, 4, 'Activity Logs', 'Viewed activity logs', '2025-07-20 12:10:53'),
(753, 4, 'Activity Logs', 'Viewed activity logs', '2025-07-20 12:10:53'),
(754, 4, 'Activity Logs', 'Viewed activity logs', '2025-07-20 12:10:53'),
(755, 4, 'Activity Logs', 'Viewed activity logs', '2025-07-20 12:10:53'),
(756, 4, 'Activity Logs', 'Viewed activity logs', '2025-07-20 12:10:54'),
(757, 4, 'Activity Logs', 'Viewed activity logs', '2025-07-20 12:10:54'),
(758, 4, 'Activity Logs', 'Viewed activity logs', '2025-07-20 12:10:54'),
(759, 4, 'Activity Logs', 'Viewed activity logs', '2025-07-20 12:10:54'),
(760, 4, 'Activity Logs', 'Viewed activity logs', '2025-07-20 12:10:54'),
(761, 4, 'Activity Logs', 'Viewed activity logs', '2025-07-20 12:10:54'),
(762, 4, 'Activity Logs', 'Viewed activity logs', '2025-07-20 12:10:54'),
(763, 4, 'Activity Logs', 'Viewed activity logs', '2025-07-20 12:10:54'),
(764, 4, 'Activity Logs', 'Viewed activity logs', '2025-07-20 12:10:54'),
(765, 4, 'Activity Logs', 'Viewed activity logs', '2025-07-20 12:10:54'),
(766, 4, 'Activity Logs', 'Viewed activity logs', '2025-07-20 12:10:54'),
(767, 4, 'Activity Logs', 'Viewed activity logs', '2025-07-20 12:10:55'),
(768, 4, 'Activity Logs', 'Viewed activity logs', '2025-07-20 12:10:55'),
(769, 4, 'Activity Logs', 'Viewed activity logs', '2025-07-20 12:10:55'),
(770, 4, 'Activity Logs', 'Viewed activity logs', '2025-07-20 12:10:55'),
(771, 4, 'Activity Logs', 'Viewed activity logs', '2025-07-20 12:10:55'),
(772, 4, 'Activity Logs', 'Viewed activity logs', '2025-07-20 12:10:55'),
(773, 4, 'Activity Logs', 'Viewed activity logs', '2025-07-20 12:10:55'),
(774, 4, 'Activity Logs', 'Viewed activity logs', '2025-07-20 12:10:55'),
(775, 4, 'Activity Logs', 'Viewed activity logs', '2025-07-20 12:10:55'),
(776, 4, 'Activity Logs', 'Viewed activity logs', '2025-07-20 12:10:55'),
(777, 4, 'Activity Logs', 'Viewed activity logs', '2025-07-20 12:10:55'),
(778, 4, 'Activity Logs', 'Viewed activity logs', '2025-07-20 12:10:56'),
(779, 4, 'Activity Logs', 'Viewed activity logs', '2025-07-20 12:10:56'),
(780, 4, 'Activity Logs', 'Viewed activity logs', '2025-07-20 12:10:56'),
(781, 4, 'Activity Logs', 'Viewed activity logs', '2025-07-20 12:10:56'),
(782, 4, 'Activity Logs', 'Viewed activity logs', '2025-07-20 12:10:56'),
(783, 4, 'Activity Logs', 'Viewed activity logs', '2025-07-20 12:10:56'),
(784, 4, 'Activity Logs', 'Viewed activity logs', '2025-07-20 12:10:56'),
(785, 4, 'Activity Logs', 'Viewed activity logs', '2025-07-20 12:10:56'),
(786, 4, 'Activity Logs', 'Viewed activity logs', '2025-07-20 12:10:56'),
(787, 4, 'Activity Logs', 'Viewed activity logs', '2025-07-20 12:10:57'),
(788, 4, 'Activity Logs', 'Viewed activity logs', '2025-07-20 12:10:57'),
(789, 4, 'Activity Logs', 'Viewed activity logs', '2025-07-20 12:10:57'),
(790, 4, 'Activity Logs', 'Viewed activity logs', '2025-07-20 12:10:57'),
(791, 4, 'Activity Logs', 'Viewed activity logs', '2025-07-20 12:10:57'),
(792, 4, 'Activity Logs', 'Viewed activity logs', '2025-07-20 12:10:57'),
(793, 4, 'Activity Logs', 'Viewed activity logs', '2025-07-20 12:10:57'),
(794, 4, 'Activity Logs', 'Viewed activity logs', '2025-07-20 12:10:57'),
(795, 4, 'Activity Logs', 'Viewed activity logs', '2025-07-20 12:10:57'),
(796, 4, 'Activity Logs', 'Viewed activity logs', '2025-07-20 12:10:57'),
(797, 4, 'Activity Logs', 'Viewed activity logs', '2025-07-20 12:10:58'),
(798, 4, 'Activity Logs', 'Viewed activity logs', '2025-07-20 12:10:58'),
(799, 4, 'Activity Logs', 'Viewed activity logs', '2025-07-20 12:10:58'),
(800, 4, 'Activity Logs', 'Viewed activity logs', '2025-07-20 12:10:58'),
(801, 4, 'Activity Logs', 'Viewed activity logs', '2025-07-20 12:10:58'),
(802, 4, 'Activity Logs', 'Viewed activity logs', '2025-07-20 12:10:58'),
(803, 4, 'Activity Logs', 'Viewed activity logs', '2025-07-20 12:10:58'),
(804, 4, 'Activity Logs', 'Viewed activity logs', '2025-07-20 12:10:58'),
(805, 4, 'Activity Logs', 'Viewed activity logs', '2025-07-20 12:10:58'),
(806, 4, 'Activity Logs', 'Viewed activity logs', '2025-07-20 12:10:59'),
(807, 4, 'Activity Logs', 'Viewed activity logs', '2025-07-20 12:10:59'),
(808, 4, 'Activity Logs', 'Viewed activity logs', '2025-07-20 12:10:59'),
(809, 4, 'Activity Logs', 'Viewed activity logs', '2025-07-20 12:10:59'),
(810, 4, 'Activity Logs', 'Viewed activity logs', '2025-07-20 12:10:59'),
(811, 4, 'Activity Logs', 'Viewed activity logs', '2025-07-20 12:10:59'),
(812, 4, 'Activity Logs', 'Viewed activity logs', '2025-07-20 12:10:59'),
(813, 4, 'Activity Logs', 'Viewed activity logs', '2025-07-20 12:10:59'),
(814, 4, 'Activity Logs', 'Viewed activity logs', '2025-07-20 12:10:59'),
(815, 4, 'Activity Logs', 'Viewed activity logs', '2025-07-20 12:10:59'),
(816, 4, 'Activity Logs', 'Viewed activity logs', '2025-07-20 12:11:00'),
(817, 4, 'Activity Logs', 'Viewed activity logs', '2025-07-20 12:11:00'),
(818, 4, 'Activity Logs', 'Viewed activity logs', '2025-07-20 12:11:00'),
(819, 4, 'Activity Logs', 'Viewed activity logs', '2025-07-20 12:11:00'),
(820, 4, 'Activity Logs', 'Viewed activity logs', '2025-07-20 12:11:00'),
(821, 4, 'Activity Logs', 'Viewed activity logs', '2025-07-20 12:11:00'),
(822, 4, 'Activity Logs', 'Viewed activity logs', '2025-07-20 12:11:00'),
(823, 4, 'Activity Logs', 'Viewed activity logs', '2025-07-20 12:11:00'),
(824, 4, 'Activity Logs', 'Viewed activity logs', '2025-07-20 12:11:00'),
(825, 4, 'Activity Logs', 'Viewed activity logs', '2025-07-20 12:11:01'),
(826, 4, 'Activity Logs', 'Viewed activity logs', '2025-07-20 12:11:01'),
(827, 4, 'Activity Logs', 'Viewed activity logs', '2025-07-20 12:11:01'),
(828, 4, 'Activity Logs', 'Viewed activity logs', '2025-07-20 12:11:01'),
(829, 4, 'Activity Logs', 'Viewed activity logs', '2025-07-20 12:11:01'),
(830, 4, 'Activity Logs', 'Viewed activity logs', '2025-07-20 12:11:01'),
(831, 4, 'Activity Logs', 'Viewed activity logs', '2025-07-20 12:11:01'),
(832, 4, 'Activity Logs', 'Viewed activity logs', '2025-07-20 12:11:01'),
(833, 4, 'Activity Logs', 'Viewed activity logs', '2025-07-20 12:11:01'),
(834, 4, 'Activity Logs', 'Viewed activity logs', '2025-07-20 12:11:02'),
(835, 4, 'Activity Logs', 'Viewed activity logs', '2025-07-20 12:11:02'),
(836, 4, 'Activity Logs', 'Viewed activity logs', '2025-07-20 12:11:02'),
(837, 4, 'Activity Logs', 'Viewed activity logs', '2025-07-20 12:11:02'),
(838, 4, 'Activity Logs', 'Viewed activity logs', '2025-07-20 12:11:02'),
(839, 4, 'Activity Logs', 'Viewed activity logs', '2025-07-20 12:11:02'),
(840, 4, 'Activity Logs', 'Viewed activity logs', '2025-07-20 12:11:02'),
(841, 4, 'Activity Logs', 'Viewed activity logs', '2025-07-20 12:11:02'),
(842, 4, 'Activity Logs', 'Viewed activity logs', '2025-07-20 12:11:02'),
(843, 4, 'Activity Logs', 'Viewed activity logs', '2025-07-20 12:11:03'),
(844, 4, 'Activity Logs', 'Viewed activity logs', '2025-07-20 12:11:03'),
(845, 4, 'Activity Logs', 'Viewed activity logs', '2025-07-20 12:11:03'),
(846, 4, 'Activity Logs', 'Viewed activity logs', '2025-07-20 12:11:03'),
(847, 4, 'Activity Logs', 'Viewed activity logs', '2025-07-20 12:11:03'),
(848, 4, 'Activity Logs', 'Viewed activity logs', '2025-07-20 12:11:03'),
(849, 4, 'Activity Logs', 'Viewed activity logs', '2025-07-20 12:11:03'),
(850, 4, 'Activity Logs', 'Viewed activity logs', '2025-07-20 12:11:03'),
(851, 4, 'Activity Logs', 'Viewed activity logs', '2025-07-20 12:11:03'),
(852, 4, 'Activity Logs', 'Viewed activity logs', '2025-07-20 12:11:04'),
(853, 4, 'Activity Logs', 'Viewed activity logs', '2025-07-20 12:11:04'),
(854, 4, 'Activity Logs', 'Viewed activity logs', '2025-07-20 12:11:04'),
(855, 4, 'Activity Logs', 'Viewed activity logs', '2025-07-20 12:11:04'),
(856, 4, 'Activity Logs', 'Viewed activity logs', '2025-07-20 12:11:04'),
(857, 4, 'Activity Logs', 'Viewed activity logs', '2025-07-20 12:11:04'),
(858, 4, 'Activity Logs', 'Viewed activity logs', '2025-07-20 12:11:04'),
(859, 4, 'Activity Logs', 'Viewed activity logs', '2025-07-20 12:11:04'),
(860, 4, 'Activity Logs', 'Viewed activity logs', '2025-07-20 12:11:05'),
(861, 4, 'Activity Logs', 'Viewed activity logs', '2025-07-20 12:11:05'),
(862, 4, 'Activity Logs', 'Viewed activity logs', '2025-07-20 12:11:05'),
(863, 4, 'Activity Logs', 'Viewed activity logs', '2025-07-20 12:11:05'),
(864, 4, 'Activity Logs', 'Viewed activity logs', '2025-07-20 12:11:05'),
(865, 4, 'Activity Logs', 'Viewed activity logs', '2025-07-20 12:11:05'),
(866, 4, 'Activity Logs', 'Viewed activity logs', '2025-07-20 12:11:05'),
(867, 4, 'Activity Logs', 'Viewed activity logs', '2025-07-20 12:11:05'),
(868, 4, 'Activity Logs', 'Viewed activity logs', '2025-07-20 12:11:05'),
(869, 4, 'Activity Logs', 'Viewed activity logs', '2025-07-20 12:11:06'),
(870, 4, 'Activity Logs', 'Viewed activity logs', '2025-07-20 12:11:06'),
(871, 4, 'Activity Logs', 'Viewed activity logs', '2025-07-20 12:11:06'),
(872, 4, 'Activity Logs', 'Viewed activity logs', '2025-07-20 12:11:06'),
(873, 4, 'Activity Logs', 'Viewed activity logs', '2025-07-20 12:11:06'),
(874, 4, 'Activity Logs', 'Viewed activity logs', '2025-07-20 12:11:06'),
(875, 4, 'Activity Logs', 'Viewed activity logs', '2025-07-20 12:11:06'),
(876, 4, 'Activity Logs', 'Viewed activity logs', '2025-07-20 12:11:06'),
(877, 4, 'Activity Logs', 'Viewed activity logs', '2025-07-20 12:11:06'),
(878, 4, 'Activity Logs', 'Viewed activity logs', '2025-07-20 12:11:07'),
(879, 4, 'Activity Logs', 'Viewed activity logs', '2025-07-20 12:11:07'),
(880, 4, 'Activity Logs', 'Viewed activity logs', '2025-07-20 12:11:07'),
(881, 4, 'Activity Logs', 'Viewed activity logs', '2025-07-20 12:11:07'),
(882, 4, 'Activity Logs', 'Viewed activity logs', '2025-07-20 12:11:07'),
(883, 4, 'Activity Logs', 'Viewed activity logs', '2025-07-20 12:11:07'),
(884, 4, 'Activity Logs', 'Viewed activity logs', '2025-07-20 12:11:07'),
(885, 4, 'Activity Logs', 'Viewed activity logs', '2025-07-20 12:11:07'),
(886, 4, 'Activity Logs', 'Viewed activity logs', '2025-07-20 12:11:08'),
(887, 4, 'Activity Logs', 'Viewed activity logs', '2025-07-20 12:11:08'),
(888, 4, 'Activity Logs', 'Viewed activity logs', '2025-07-20 12:11:08'),
(889, 4, 'Activity Logs', 'Viewed activity logs', '2025-07-20 12:11:08'),
(890, 4, 'Activity Logs', 'Viewed activity logs', '2025-07-20 12:11:08'),
(891, 4, 'Activity Logs', 'Viewed activity logs', '2025-07-20 12:11:08'),
(892, 4, 'Activity Logs', 'Viewed activity logs', '2025-07-20 12:11:08'),
(893, 4, 'Activity Logs', 'Viewed activity logs', '2025-07-20 12:11:08'),
(894, 4, 'Activity Logs', 'Viewed activity logs', '2025-07-20 12:11:09'),
(895, 4, 'Activity Logs', 'Viewed activity logs', '2025-07-20 12:11:09'),
(896, 4, 'Activity Logs', 'Viewed activity logs', '2025-07-20 12:11:09'),
(897, 4, 'Activity Logs', 'Viewed activity logs', '2025-07-20 12:11:09'),
(898, 4, 'Activity Logs', 'Viewed activity logs', '2025-07-20 12:11:09'),
(899, 4, 'Activity Logs', 'Viewed activity logs', '2025-07-20 12:11:09'),
(900, 4, 'Activity Logs', 'Viewed activity logs', '2025-07-20 12:11:09'),
(901, 4, 'Activity Logs', 'Viewed activity logs', '2025-07-20 12:11:09'),
(902, 4, 'Activity Logs', 'Viewed activity logs', '2025-07-20 12:11:10'),
(903, 4, 'Activity Logs', 'Viewed activity logs', '2025-07-20 12:11:10'),
(904, 4, 'Activity Logs', 'Viewed activity logs', '2025-07-20 12:11:10'),
(905, 4, 'Activity Logs', 'Viewed activity logs', '2025-07-20 12:11:10'),
(906, 4, 'Activity Logs', 'Viewed activity logs', '2025-07-20 12:11:10'),
(907, 4, 'Activity Logs', 'Viewed activity logs', '2025-07-20 12:11:10'),
(908, 4, 'Activity Logs', 'Viewed activity logs', '2025-07-20 12:11:10'),
(909, 4, 'Activity Logs', 'Viewed activity logs', '2025-07-20 12:11:10'),
(910, 4, 'Activity Logs', 'Viewed activity logs', '2025-07-20 12:11:10'),
(911, 4, 'Activity Logs', 'Viewed activity logs', '2025-07-20 12:11:11'),
(912, 4, 'Activity Logs', 'Viewed activity logs', '2025-07-20 12:11:11'),
(913, 4, 'Activity Logs', 'Viewed activity logs', '2025-07-20 12:11:11'),
(914, 4, 'Activity Logs', 'Viewed activity logs', '2025-07-20 12:11:11'),
(915, 4, 'Activity Logs', 'Viewed activity logs', '2025-07-20 12:11:11'),
(916, 4, 'Activity Logs', 'Viewed activity logs', '2025-07-20 12:11:11'),
(917, 4, 'Activity Logs', 'Viewed activity logs', '2025-07-20 12:11:11'),
(918, 4, 'Activity Logs', 'Viewed activity logs', '2025-07-20 12:11:12'),
(919, 4, 'Activity Logs', 'Viewed activity logs', '2025-07-20 12:11:12'),
(920, 4, 'Activity Logs', 'Viewed activity logs', '2025-07-20 12:11:12'),
(921, 4, 'Activity Logs', 'Viewed activity logs', '2025-07-20 12:11:12'),
(922, 4, 'Activity Logs', 'Viewed activity logs', '2025-07-20 12:11:12'),
(923, 4, 'Activity Logs', 'Viewed activity logs', '2025-07-20 12:11:12'),
(924, 4, 'Activity Logs', 'Viewed activity logs', '2025-07-20 12:11:12'),
(925, 4, 'Activity Logs', 'Viewed activity logs', '2025-07-20 12:11:13'),
(926, 4, 'Activity Logs', 'Viewed activity logs', '2025-07-20 12:11:13'),
(927, 4, 'Activity Logs', 'Viewed activity logs', '2025-07-20 12:11:13'),
(928, 4, 'Activity Logs', 'Viewed activity logs', '2025-07-20 12:11:13'),
(929, 4, 'Activity Logs', 'Viewed activity logs', '2025-07-20 12:11:13'),
(930, 4, 'Activity Logs', 'Viewed activity logs', '2025-07-20 12:11:13'),
(931, 4, 'Activity Logs', 'Viewed activity logs', '2025-07-20 12:11:13'),
(932, 4, 'Activity Logs', 'Viewed activity logs', '2025-07-20 12:11:14'),
(933, 4, 'Activity Logs', 'Viewed activity logs', '2025-07-20 12:11:14'),
(934, 4, 'Activity Logs', 'Viewed activity logs', '2025-07-20 12:11:14'),
(935, 4, 'Activity Logs', 'Viewed activity logs', '2025-07-20 12:11:14'),
(936, 4, 'Activity Logs', 'Viewed activity logs', '2025-07-20 12:11:14'),
(937, 4, 'Activity Logs', 'Viewed activity logs', '2025-07-20 12:11:14'),
(938, 4, 'Activity Logs', 'Viewed activity logs', '2025-07-20 12:11:14'),
(939, 4, 'Activity Logs', 'Viewed activity logs', '2025-07-20 12:11:14'),
(940, 4, 'Activity Logs', 'Viewed activity logs', '2025-07-20 12:11:15'),
(941, 4, 'Activity Logs', 'Viewed activity logs', '2025-07-20 12:11:15'),
(942, 4, 'Activity Logs', 'Viewed activity logs', '2025-07-20 12:11:15'),
(943, 4, 'Activity Logs', 'Viewed activity logs', '2025-07-20 12:11:15'),
(944, 4, 'Activity Logs', 'Viewed activity logs', '2025-07-20 12:11:15'),
(945, 4, 'Activity Logs', 'Viewed activity logs', '2025-07-20 12:11:15'),
(946, 4, 'Activity Logs', 'Viewed activity logs', '2025-07-20 12:11:15'),
(947, 4, 'Activity Logs', 'Viewed activity logs', '2025-07-20 12:11:15'),
(948, 4, 'Activity Logs', 'Viewed activity logs', '2025-07-20 12:11:16'),
(949, 4, 'Activity Logs', 'Viewed activity logs', '2025-07-20 12:11:16'),
(950, 4, 'Activity Logs', 'Viewed activity logs', '2025-07-20 12:11:16'),
(951, 4, 'Activity Logs', 'Viewed activity logs', '2025-07-20 12:11:16'),
(952, 4, 'Activity Logs', 'Viewed activity logs', '2025-07-20 12:11:16'),
(953, 4, 'Activity Logs', 'Viewed activity logs', '2025-07-20 12:11:16'),
(954, 4, 'Activity Logs', 'Viewed activity logs', '2025-07-20 12:11:16'),
(955, 4, 'Activity Logs', 'Viewed activity logs', '2025-07-20 12:11:16'),
(956, 4, 'Activity Logs', 'Viewed activity logs', '2025-07-20 12:11:17'),
(957, 4, 'Activity Logs', 'Viewed activity logs', '2025-07-20 12:11:17'),
(958, 4, 'Activity Logs', 'Viewed activity logs', '2025-07-20 12:11:17'),
(959, 4, 'Activity Logs', 'Viewed activity logs', '2025-07-20 12:11:17'),
(960, 4, 'Activity Logs', 'Viewed activity logs', '2025-07-20 12:11:17'),
(961, 4, 'Activity Logs', 'Viewed activity logs', '2025-07-20 12:11:17'),
(962, 4, 'Activity Logs', 'Viewed activity logs', '2025-07-20 12:11:17'),
(963, 4, 'Activity Logs', 'Viewed activity logs', '2025-07-20 12:11:17'),
(964, 4, 'Activity Logs', 'Viewed activity logs', '2025-07-20 12:11:18'),
(965, 4, 'Activity Logs', 'Viewed activity logs', '2025-07-20 12:11:18'),
(966, 4, 'Activity Logs', 'Viewed activity logs', '2025-07-20 12:11:18'),
(967, 4, 'Activity Logs', 'Viewed activity logs', '2025-07-20 12:11:18'),
(968, 4, 'Activity Logs', 'Viewed activity logs', '2025-07-20 12:11:18'),
(969, 4, 'Activity Logs', 'Viewed activity logs', '2025-07-20 12:11:18'),
(970, 4, 'Activity Logs', 'Viewed activity logs', '2025-07-20 12:11:18'),
(971, 4, 'Activity Logs', 'Viewed activity logs', '2025-07-20 12:11:18'),
(972, 4, 'Activity Logs', 'Viewed activity logs', '2025-07-20 12:11:18'),
(973, 4, 'Activity Logs', 'Viewed activity logs', '2025-07-20 12:11:19'),
(974, 4, 'Activity Logs', 'Viewed activity logs', '2025-07-20 12:11:19'),
(975, 4, 'Activity Logs', 'Viewed activity logs', '2025-07-20 12:11:19'),
(976, 4, 'Activity Logs', 'Viewed activity logs', '2025-07-20 12:11:19'),
(977, 4, 'Activity Logs', 'Viewed activity logs', '2025-07-20 12:11:19'),
(978, 4, 'Activity Logs', 'Viewed activity logs', '2025-07-20 12:11:19'),
(979, 4, 'Activity Logs', 'Viewed activity logs', '2025-07-20 12:11:19'),
(980, 4, 'Activity Logs', 'Viewed activity logs', '2025-07-20 12:11:19'),
(981, 4, 'Activity Logs', 'Viewed activity logs', '2025-07-20 12:11:19'),
(982, 4, 'Activity Logs', 'Viewed activity logs', '2025-07-20 12:11:20'),
(983, 4, 'Activity Logs', 'Viewed activity logs', '2025-07-20 12:11:20'),
(984, 4, 'Activity Logs', 'Viewed activity logs', '2025-07-20 12:11:20'),
(985, 4, 'Activity Logs', 'Viewed activity logs', '2025-07-20 12:11:20'),
(986, 4, 'Activity Logs', 'Viewed activity logs', '2025-07-20 12:11:20'),
(987, 4, 'Activity Logs', 'Viewed activity logs', '2025-07-20 12:11:20'),
(988, 4, 'Activity Logs', 'Viewed activity logs', '2025-07-20 12:11:20'),
(989, 4, 'Activity Logs', 'Viewed activity logs', '2025-07-20 12:11:20'),
(990, 4, 'Activity Logs', 'Viewed activity logs', '2025-07-20 12:11:20'),
(991, 4, 'Activity Logs', 'Viewed activity logs', '2025-07-20 12:11:20'),
(992, 4, 'Activity Logs', 'Viewed activity logs', '2025-07-20 12:11:21'),
(993, 4, 'Activity Logs', 'Viewed activity logs', '2025-07-20 12:11:21'),
(994, 4, 'Activity Logs', 'Viewed activity logs', '2025-07-20 12:11:21'),
(995, 4, 'Activity Logs', 'Viewed activity logs', '2025-07-20 12:11:21'),
(996, 4, 'Activity Logs', 'Viewed activity logs', '2025-07-20 12:11:21'),
(997, 4, 'Activity Logs', 'Viewed activity logs', '2025-07-20 12:11:21'),
(998, 4, 'Activity Logs', 'Viewed activity logs', '2025-07-20 12:11:21'),
(999, 4, 'Activity Logs', 'Viewed activity logs', '2025-07-20 12:11:21'),
(1000, 4, 'Activity Logs', 'Viewed activity logs', '2025-07-20 12:11:21'),
(1001, 4, 'Activity Logs', 'Viewed activity logs', '2025-07-20 12:11:21'),
(1002, 4, 'Activity Logs', 'Viewed activity logs', '2025-07-20 12:11:22'),
(1003, 4, 'Activity Logs', 'Viewed activity logs', '2025-07-20 12:11:22'),
(1004, 4, 'Activity Logs', 'Viewed activity logs', '2025-07-20 12:11:22'),
(1005, 4, 'Activity Logs', 'Viewed activity logs', '2025-07-20 12:11:22'),
(1006, 4, 'Activity Logs', 'Viewed activity logs', '2025-07-20 12:11:22'),
(1007, 4, 'Activity Logs', 'Viewed activity logs', '2025-07-20 12:11:22'),
(1008, 4, 'Activity Logs', 'Viewed activity logs', '2025-07-20 12:11:22'),
(1009, 4, 'Activity Logs', 'Viewed activity logs', '2025-07-20 12:11:22'),
(1010, 4, 'Activity Logs', 'Viewed activity logs', '2025-07-20 12:11:23'),
(1011, 4, 'Activity Logs', 'Viewed activity logs', '2025-07-20 12:11:23'),
(1012, 4, 'Activity Logs', 'Viewed activity logs', '2025-07-20 12:11:23'),
(1013, 4, 'Activity Logs', 'Viewed activity logs', '2025-07-20 12:11:23'),
(1014, 4, 'Activity Logs', 'Viewed activity logs', '2025-07-20 12:11:23'),
(1015, 4, 'Activity Logs', 'Viewed activity logs', '2025-07-20 12:11:23'),
(1016, 4, 'Activity Logs', 'Viewed activity logs', '2025-07-20 12:11:23'),
(1017, 4, 'Activity Logs', 'Viewed activity logs', '2025-07-20 12:11:23'),
(1018, 4, 'Activity Logs', 'Viewed activity logs', '2025-07-20 12:11:24'),
(1019, 4, 'Activity Logs', 'Viewed activity logs', '2025-07-20 12:11:24'),
(1020, 4, 'Activity Logs', 'Viewed activity logs', '2025-07-20 12:11:24'),
(1021, 4, 'Activity Logs', 'Viewed activity logs', '2025-07-20 12:11:24'),
(1022, 4, 'Activity Logs', 'Viewed activity logs', '2025-07-20 12:11:24'),
(1023, 4, 'Activity Logs', 'Viewed activity logs', '2025-07-20 12:11:24'),
(1024, 4, 'Activity Logs', 'Viewed activity logs', '2025-07-20 12:11:24'),
(1025, 4, 'Activity Logs', 'Viewed activity logs', '2025-07-20 12:11:24'),
(1026, 4, 'Activity Logs', 'Viewed activity logs', '2025-07-20 12:11:25'),
(1027, 4, 'Activity Logs', 'Viewed activity logs', '2025-07-20 12:11:25'),
(1028, 4, 'Activity Logs', 'Viewed activity logs', '2025-07-20 12:11:25'),
(1029, 4, 'Activity Logs', 'Viewed activity logs', '2025-07-20 12:11:25'),
(1030, 4, 'Activity Logs', 'Viewed activity logs', '2025-07-20 12:11:25'),
(1031, 4, 'Activity Logs', 'Viewed activity logs', '2025-07-20 12:11:25'),
(1032, 4, 'Activity Logs', 'Viewed activity logs', '2025-07-20 12:11:26'),
(1033, 4, 'Activity Logs', 'Viewed activity logs', '2025-07-20 12:11:26'),
(1034, 4, 'Activity Logs', 'Viewed activity logs', '2025-07-20 12:11:26'),
(1035, 4, 'Activity Logs', 'Viewed activity logs', '2025-07-20 12:11:26'),
(1036, 4, 'Activity Logs', 'Viewed activity logs', '2025-07-20 12:11:26'),
(1037, 4, 'Activity Logs', 'Viewed activity logs', '2025-07-20 12:11:26'),
(1038, 4, 'Activity Logs', 'Viewed activity logs', '2025-07-20 12:11:26'),
(1039, 4, 'Activity Logs', 'Viewed activity logs', '2025-07-20 12:11:27'),
(1040, 4, 'Activity Logs', 'Viewed activity logs', '2025-07-20 12:11:27'),
(1041, 4, 'Activity Logs', 'Viewed activity logs', '2025-07-20 12:11:27'),
(1042, 4, 'Activity Logs', 'Viewed activity logs', '2025-07-20 12:11:27'),
(1043, 4, 'Activity Logs', 'Viewed activity logs', '2025-07-20 12:11:27'),
(1044, 4, 'Activity Logs', 'Viewed activity logs', '2025-07-20 12:11:27'),
(1045, 4, 'Activity Logs', 'Viewed activity logs', '2025-07-20 12:11:27'),
(1046, 4, 'Activity Logs', 'Viewed activity logs', '2025-07-20 12:11:27'),
(1047, 4, 'Activity Logs', 'Viewed activity logs', '2025-07-20 12:11:27'),
(1048, 4, 'Activity Logs', 'Viewed activity logs', '2025-07-20 12:11:28'),
(1049, 4, 'Activity Logs', 'Viewed activity logs', '2025-07-20 12:11:28'),
(1050, 4, 'Activity Logs', 'Viewed activity logs', '2025-07-20 12:11:28'),
(1051, 4, 'Activity Logs', 'Viewed activity logs', '2025-07-20 12:11:28'),
(1052, 4, 'Activity Logs', 'Viewed activity logs', '2025-07-20 12:11:28'),
(1053, 4, 'Activity Logs', 'Viewed activity logs', '2025-07-20 12:11:28'),
(1054, 4, 'Activity Logs', 'Viewed activity logs', '2025-07-20 12:11:28'),
(1055, 4, 'Activity Logs', 'Viewed activity logs', '2025-07-20 12:11:28'),
(1056, 4, 'Activity Logs', 'Viewed activity logs', '2025-07-20 12:11:28'),
(1057, 4, 'Activity Logs', 'Viewed activity logs', '2025-07-20 12:11:29'),
(1058, 4, 'Activity Logs', 'Viewed activity logs', '2025-07-20 12:11:29'),
(1059, 4, 'Activity Logs', 'Viewed activity logs', '2025-07-20 12:11:29'),
(1060, 4, 'Activity Logs', 'Viewed activity logs', '2025-07-20 12:11:29'),
(1061, 4, 'Activity Logs', 'Viewed activity logs', '2025-07-20 12:11:29'),
(1062, 4, 'Activity Logs', 'Viewed activity logs', '2025-07-20 12:11:29'),
(1063, 4, 'Activity Logs', 'Viewed activity logs', '2025-07-20 12:11:29'),
(1064, 4, 'Activity Logs', 'Viewed activity logs', '2025-07-20 12:11:29'),
(1065, 4, 'Activity Logs', 'Viewed activity logs', '2025-07-20 12:11:29'),
(1066, 4, 'Activity Logs', 'Viewed activity logs', '2025-07-20 12:11:29'),
(1067, 4, 'Activity Logs', 'Viewed activity logs', '2025-07-20 12:11:29'),
(1068, 4, 'Activity Logs', 'Viewed activity logs', '2025-07-20 12:11:29'),
(1069, 4, 'Activity Logs', 'Viewed activity logs', '2025-07-20 12:11:30'),
(1070, 4, 'Activity Logs', 'Viewed activity logs', '2025-07-20 12:11:30'),
(1071, 4, 'Activity Logs', 'Viewed activity logs', '2025-07-20 12:11:30'),
(1072, 4, 'Activity Logs', 'Viewed activity logs', '2025-07-20 12:11:30'),
(1073, 4, 'Activity Logs', 'Viewed activity logs', '2025-07-20 12:11:30'),
(1074, 4, 'Activity Logs', 'Viewed activity logs', '2025-07-20 12:11:30'),
(1075, 4, 'Activity Logs', 'Viewed activity logs', '2025-07-20 12:11:30'),
(1076, 4, 'Activity Logs', 'Viewed activity logs', '2025-07-20 12:11:30'),
(1077, 4, 'Activity Logs', 'Viewed activity logs', '2025-07-20 12:11:31'),
(1078, 4, 'Activity Logs', 'Viewed activity logs', '2025-07-20 12:11:31'),
(1079, 4, 'Activity Logs', 'Viewed activity logs', '2025-07-20 12:11:31'),
(1080, 4, 'Activity Logs', 'Viewed activity logs', '2025-07-20 12:11:31'),
(1081, 4, 'Activity Logs', 'Viewed activity logs', '2025-07-20 12:11:31'),
(1082, 4, 'Activity Logs', 'Viewed activity logs', '2025-07-20 12:11:31'),
(1083, 4, 'Activity Logs', 'Viewed activity logs', '2025-07-20 12:11:32'),
(1084, 4, 'Activity Logs', 'Viewed activity logs', '2025-07-20 12:11:32'),
(1085, 4, 'Activity Logs', 'Viewed activity logs', '2025-07-20 12:11:32'),
(1086, 4, 'Activity Logs', 'Viewed activity logs', '2025-07-20 12:11:32'),
(1087, 4, 'Activity Logs', 'Viewed activity logs', '2025-07-20 12:11:32'),
(1088, 4, 'Activity Logs', 'Viewed activity logs', '2025-07-20 12:11:32'),
(1089, 4, 'Activity Logs', 'Viewed activity logs', '2025-07-20 12:11:32'),
(1090, 4, 'Activity Logs', 'Viewed activity logs', '2025-07-20 12:11:32'),
(1091, 4, 'Activity Logs', 'Viewed activity logs', '2025-07-20 12:11:33'),
(1092, 4, 'Activity Logs', 'Viewed activity logs', '2025-07-20 12:11:33'),
(1093, 4, 'Activity Logs', 'Viewed activity logs', '2025-07-20 12:11:33'),
(1094, 4, 'Activity Logs', 'Viewed activity logs', '2025-07-20 12:11:33'),
(1095, 4, 'Activity Logs', 'Viewed activity logs', '2025-07-20 12:11:33'),
(1096, 4, 'Activity Logs', 'Viewed activity logs', '2025-07-20 12:11:33'),
(1097, 4, 'Activity Logs', 'Viewed activity logs', '2025-07-20 12:11:33'),
(1098, 4, 'Activity Logs', 'Viewed activity logs', '2025-07-20 12:11:33'),
(1099, 4, 'Activity Logs', 'Viewed activity logs', '2025-07-20 12:11:33'),
(1100, 4, 'Activity Logs', 'Viewed activity logs', '2025-07-20 12:11:34'),
(1101, 4, 'Activity Logs', 'Viewed activity logs', '2025-07-20 12:11:34'),
(1102, 4, 'Activity Logs', 'Viewed activity logs', '2025-07-20 12:11:34'),
(1103, 4, 'Activity Logs', 'Viewed activity logs', '2025-07-20 12:11:34'),
(1104, 4, 'Activity Logs', 'Viewed activity logs', '2025-07-20 12:11:34'),
(1105, 4, 'Activity Logs', 'Viewed activity logs', '2025-07-20 12:11:34'),
(1106, 4, 'Activity Logs', 'Viewed activity logs', '2025-07-20 12:11:34'),
(1107, 4, 'Activity Logs', 'Viewed activity logs', '2025-07-20 12:11:34'),
(1108, 4, 'Activity Logs', 'Viewed activity logs', '2025-07-20 12:11:34'),
(1109, 4, 'Activity Logs', 'Viewed activity logs', '2025-07-20 12:11:35'),
(1110, 4, 'Activity Logs', 'Viewed activity logs', '2025-07-20 12:11:35'),
(1111, 4, 'Activity Logs', 'Viewed activity logs', '2025-07-20 12:11:35'),
(1112, 4, 'Activity Logs', 'Viewed activity logs', '2025-07-20 12:11:35'),
(1113, 4, 'Activity Logs', 'Viewed activity logs', '2025-07-20 12:11:35'),
(1114, 4, 'Activity Logs', 'Viewed activity logs', '2025-07-20 12:11:35'),
(1115, 4, 'Activity Logs', 'Viewed activity logs', '2025-07-20 12:11:35'),
(1116, 4, 'Activity Logs', 'Viewed activity logs', '2025-07-20 12:11:35'),
(1117, 4, 'Activity Logs', 'Viewed activity logs', '2025-07-20 12:11:35'),
(1118, 4, 'Activity Logs', 'Viewed activity logs', '2025-07-20 12:11:36'),
(1119, 4, 'Activity Logs', 'Viewed activity logs', '2025-07-20 12:11:36'),
(1120, 4, 'Activity Logs', 'Viewed activity logs', '2025-07-20 12:11:36'),
(1121, 4, 'Activity Logs', 'Viewed activity logs', '2025-07-20 12:11:36'),
(1122, 4, 'Activity Logs', 'Viewed activity logs', '2025-07-20 12:11:36'),
(1123, 4, 'Activity Logs', 'Viewed activity logs', '2025-07-20 12:11:36'),
(1124, 4, 'Activity Logs', 'Viewed activity logs', '2025-07-20 12:11:36'),
(1125, 4, 'Activity Logs', 'Viewed activity logs', '2025-07-20 12:11:36'),
(1126, 4, 'Activity Logs', 'Viewed activity logs', '2025-07-20 12:11:36'),
(1127, 4, 'Activity Logs', 'Viewed activity logs', '2025-07-20 12:11:37'),
(1128, 4, 'Activity Logs', 'Viewed activity logs', '2025-07-20 12:11:37'),
(1129, 4, 'Activity Logs', 'Viewed activity logs', '2025-07-20 12:11:37'),
(1130, 4, 'Activity Logs', 'Viewed activity logs', '2025-07-20 12:11:37'),
(1131, 4, 'Activity Logs', 'Viewed activity logs', '2025-07-20 12:11:37'),
(1132, 4, 'Activity Logs', 'Viewed activity logs', '2025-07-20 12:11:37'),
(1133, 4, 'Activity Logs', 'Viewed activity logs', '2025-07-20 12:11:37'),
(1134, 4, 'Activity Logs', 'Viewed activity logs', '2025-07-20 12:11:38'),
(1135, 4, 'Activity Logs', 'Viewed activity logs', '2025-07-20 12:11:38'),
(1136, 4, 'Activity Logs', 'Viewed activity logs', '2025-07-20 12:11:38'),
(1137, 4, 'Activity Logs', 'Viewed activity logs', '2025-07-20 12:11:38'),
(1138, 4, 'Activity Logs', 'Viewed activity logs', '2025-07-20 12:11:38'),
(1139, 4, 'Activity Logs', 'Viewed activity logs', '2025-07-20 12:11:38'),
(1140, 4, 'Activity Logs', 'Viewed activity logs', '2025-07-20 12:11:38'),
(1141, 4, 'Activity Logs', 'Viewed activity logs', '2025-07-20 12:11:39'),
(1142, 4, 'Activity Logs', 'Viewed activity logs', '2025-07-20 12:11:39'),
(1143, 4, 'Activity Logs', 'Viewed activity logs', '2025-07-20 12:11:39'),
(1144, 4, 'Activity Logs', 'Viewed activity logs', '2025-07-20 12:11:39'),
(1145, 4, 'Activity Logs', 'Viewed activity logs', '2025-07-20 12:11:39'),
(1146, 4, 'Activity Logs', 'Viewed activity logs', '2025-07-20 12:11:39'),
(1147, 4, 'Activity Logs', 'Viewed activity logs', '2025-07-20 12:11:40'),
(1148, 4, 'Activity Logs', 'Viewed activity logs', '2025-07-20 12:11:40'),
(1149, 4, 'Activity Logs', 'Viewed admin logs', '2025-07-20 12:11:40'),
(1150, 4, 'Activity Logs', 'Viewed admin logs', '2025-07-20 12:11:45'),
(1151, 4, 'Activity Logs', 'Viewed SMS logs', '2025-07-20 12:11:48'),
(1152, 4, 'Activity Logs', 'Viewed admin logs', '2025-07-20 12:11:49'),
(1153, 4, 'Activity Logs', 'Viewed admin logs', '2025-07-20 12:11:52'),
(1154, 4, 'Activity Logs', 'Viewed admin logs', '2025-07-20 12:11:54'),
(1155, 4, 'Activity Logs', 'Viewed admin logs', '2025-07-20 12:11:56'),
(1156, 4, 'Activity Logs', 'Viewed admin logs', '2025-07-20 12:12:03'),
(1157, 4, 'Dashboard Access', 'Accessed admin dashboard', '2025-07-20 12:12:16'),
(1158, 4, 'Bottle Deposits Access', 'Viewed bottle deposits list', '2025-07-20 12:12:24'),
(1159, 4, 'Vouchers Access', 'Viewed vouchers list', '2025-07-20 12:12:41'),
(1160, 4, 'Bins Access', 'Viewed trash bins list', '2025-07-20 12:12:43'),
(1161, 4, 'Network Monitoring', 'Viewed active-sessions', '2025-07-20 12:12:44'),
(1162, 4, 'Network Monitoring', 'Viewed bandwidth-usage', '2025-07-20 12:12:50'),
(1163, 4, 'Network Monitoring', 'Viewed student-sessions', '2025-07-20 12:12:55'),
(1164, 4, 'Network Monitoring', 'Viewed bandwidth-usage', '2025-07-20 12:12:58'),
(1165, 4, 'Activity Logs', 'Viewed admin logs', '2025-07-20 12:13:37'),
(1166, 4, 'Users Access', 'Viewed users list', '2025-07-20 12:13:38'),
(1167, 4, 'Activity Logs', 'Viewed admin logs', '2025-07-20 12:13:39'),
(1168, 4, 'Dashboard Access', 'Accessed admin dashboard', '2025-07-20 12:13:46'),
(1169, 4, 'Activity Logs', 'Viewed admin logs', '2025-07-20 12:13:48'),
(1170, 4, 'Dashboard Access', 'Accessed admin dashboard', '2025-07-20 12:13:53'),
(1171, 4, 'Settings Access', 'Accessed settings page', '2025-07-20 12:13:57'),
(1172, 4, 'Settings Access', 'Accessed settings page', '2025-07-20 12:14:18'),
(1173, 4, 'Settings Access', 'Accessed settings page', '2025-07-20 12:14:26'),
(1174, 5, 'Dashboard Access', 'Accessed admin dashboard', '2025-07-21 02:44:38'),
(1175, 5, 'Bottle Deposits Access', 'Viewed bottle deposits list', '2025-07-21 02:44:40'),
(1176, 5, 'Dashboard Access', 'Accessed admin dashboard', '2025-07-21 02:44:44'),
(1177, 5, 'Activity Logs', 'Viewed admin logs', '2025-07-21 02:44:47'),
(1178, 5, 'Activity Logs', 'Viewed SMS logs', '2025-07-21 02:44:49'),
(1179, 5, 'Activity Logs', 'Viewed admin logs', '2025-07-21 02:44:51'),
(1180, 5, 'Users Access', 'Viewed users list', '2025-07-21 02:44:54'),
(1181, 5, 'Network Monitoring', 'Viewed active-sessions', '2025-07-21 02:44:59'),
(1182, 5, 'Network Monitoring', 'Viewed session-logs', '2025-07-21 02:45:02'),
(1183, 5, 'Network Monitoring', 'Viewed student-sessions', '2025-07-21 02:45:04'),
(1184, 5, 'Network Monitoring', 'Viewed session-logs', '2025-07-21 02:45:08'),
(1185, 5, 'Network Monitoring', 'Viewed student-sessions', '2025-07-21 02:45:10'),
(1186, 5, 'Bins Access', 'Viewed trash bins list', '2025-07-21 02:45:12'),
(1187, 5, 'Network Monitoring', 'Viewed active-sessions', '2025-07-21 02:45:14'),
(1188, 5, 'Network Monitoring', 'Viewed active-sessions', '2025-07-21 02:45:15'),
(1189, 5, 'Network Monitoring', 'Viewed session-logs', '2025-07-21 02:45:17'),
(1190, 5, 'Network Monitoring', 'Viewed student-sessions', '2025-07-21 02:45:18'),
(1191, 5, 'Network Monitoring', 'Viewed bandwidth-usage', '2025-07-21 02:45:21'),
(1192, 5, 'Network Monitoring', 'Viewed active-sessions', '2025-07-21 02:45:27'),
(1193, 5, 'Vouchers Access', 'Viewed vouchers list', '2025-07-21 02:45:28'),
(1194, 5, 'Bottle Deposits Access', 'Viewed bottle deposits list', '2025-07-21 02:46:16'),
(1195, 5, 'Dashboard Access', 'Accessed admin dashboard', '2025-07-21 02:46:18'),
(1196, 5, 'Bottle Deposits Access', 'Viewed bottle deposits list', '2025-07-21 02:46:22'),
(1197, 5, 'Vouchers Access', 'Viewed vouchers list', '2025-07-21 02:46:27'),
(1198, 5, 'Dashboard Access', 'Accessed admin dashboard', '2025-07-21 02:46:31'),
(1199, 5, 'Bottle Deposits Access', 'Viewed bottle deposits list', '2025-07-21 02:46:39'),
(1200, 5, 'Vouchers Access', 'Viewed vouchers list', '2025-07-21 02:46:48'),
(1201, 5, 'Bins Access', 'Viewed trash bins list', '2025-07-21 02:46:49'),
(1202, 5, 'Network Monitoring', 'Viewed active-sessions', '2025-07-21 02:46:51'),
(1203, 5, 'Network Monitoring', 'Viewed session-logs', '2025-07-21 02:46:54'),
(1204, 5, 'Network Monitoring', 'Viewed student-sessions', '2025-07-21 02:46:55'),
(1205, 5, 'Network Monitoring', 'Viewed bandwidth-usage', '2025-07-21 02:46:57'),
(1206, 5, 'Network Monitoring', 'Viewed student-sessions', '2025-07-21 02:46:58'),
(1207, 5, 'Network Monitoring', 'Viewed session-logs', '2025-07-21 02:47:00'),
(1208, 5, 'Network Monitoring', 'Viewed active-sessions', '2025-07-21 02:47:01'),
(1209, 5, 'Dashboard Access', 'Accessed admin dashboard', '2025-07-21 02:47:04'),
(1210, 5, 'Bottle Deposits Access', 'Viewed bottle deposits list', '2025-07-21 02:47:06'),
(1211, 5, 'Vouchers Access', 'Viewed vouchers list', '2025-07-21 02:47:08'),
(1212, 5, 'Dashboard Access', 'Accessed admin dashboard', '2025-07-21 11:45:37'),
(1213, 5, 'Bottle Deposits Access', 'Viewed bottle deposits list', '2025-07-21 11:45:40'),
(1214, 5, 'Dashboard Access', 'Accessed admin dashboard', '2025-07-21 11:45:41'),
(1215, 5, 'Bottle Deposits Access', 'Viewed bottle deposits list', '2025-07-21 11:47:07'),
(1216, 5, 'Vouchers Access', 'Viewed vouchers list', '2025-07-21 11:47:14'),
(1217, 5, 'Dashboard Access', 'Accessed admin dashboard', '2025-07-21 11:48:15'),
(1218, 5, 'Vouchers Access', 'Viewed vouchers list', '2025-07-21 11:48:29'),
(1219, 5, 'Bins Access', 'Viewed trash bins list', '2025-07-21 11:48:38'),
(1220, 5, 'Network Monitoring', 'Viewed active-sessions', '2025-07-21 11:48:42'),
(1221, 5, 'Network Monitoring', 'Viewed session-logs', '2025-07-21 11:48:44'),
(1222, 5, 'Network Monitoring', 'Viewed student-sessions', '2025-07-21 11:48:46'),
(1223, 5, 'Network Monitoring', 'Viewed session-logs', '2025-07-21 11:48:47'),
(1224, 5, 'Network Monitoring', 'Viewed student-sessions', '2025-07-21 11:49:05'),
(1225, 5, 'Network Monitoring', 'Viewed session-logs', '2025-07-21 11:49:07'),
(1226, 5, 'Network Monitoring', 'Viewed active-sessions', '2025-07-21 11:49:10'),
(1227, 5, 'Network Monitoring', 'Viewed session-logs', '2025-07-21 11:49:13'),
(1228, 5, 'Network Monitoring', 'Viewed student-sessions', '2025-07-21 11:49:15'),
(1229, 5, 'Network Monitoring', 'Viewed active-sessions', '2025-07-21 11:49:19'),
(1230, 5, 'Network Monitoring', 'Viewed student-sessions', '2025-07-21 11:49:22'),
(1231, 5, 'Network Monitoring', 'Viewed bandwidth-usage', '2025-07-21 11:49:29'),
(1232, 5, 'Network Monitoring', 'Viewed student-sessions', '2025-07-21 11:49:31'),
(1233, 5, 'Network Monitoring', 'Viewed session-logs', '2025-07-21 11:49:33'),
(1234, 5, 'Users Access', 'Viewed users list', '2025-07-21 11:49:43'),
(1235, 5, 'Activity Logs', 'Viewed admin logs', '2025-07-21 11:49:47'),
(1236, 5, 'Users Access', 'Viewed users list', '2025-07-21 11:49:48'),
(1237, 5, 'Users Access', 'Viewed users list', '2025-07-21 11:49:56'),
(1238, 5, 'Activity Logs', 'Viewed admin logs', '2025-07-21 11:50:20'),
(1239, 5, 'Activity Logs', 'Viewed SMS logs', '2025-07-21 11:50:23'),
(1240, 5, 'Activity Logs', 'Viewed admin logs', '2025-07-21 11:50:34'),
(1241, 5, 'Activity Logs', 'Viewed SMS logs', '2025-07-21 11:50:36'),
(1242, 5, 'Activity Logs', 'Viewed admin logs', '2025-07-21 11:50:38'),
(1243, 5, 'Bottle Deposits Access', 'Viewed bottle deposits list', '2025-07-21 11:50:40'),
(1244, 5, 'Vouchers Access', 'Viewed vouchers list', '2025-07-21 11:50:47'),
(1245, 5, 'Dashboard Access', 'Accessed admin dashboard', '2025-07-21 11:50:48'),
(1246, 5, 'Bottle Deposits Access', 'Viewed bottle deposits list', '2025-07-21 11:50:51'),
(1247, 5, 'Bins Access', 'Viewed trash bins list', '2025-07-21 11:51:00'),
(1248, 5, 'Activity Logs', 'Viewed admin logs', '2025-07-21 11:51:18'),
(1249, 5, 'Dashboard Access', 'Accessed admin dashboard', '2025-07-21 13:00:32'),
(1250, 5, 'Dashboard Access', 'Accessed admin dashboard', '2025-07-22 02:36:44'),
(1251, 5, 'Bottle Deposits Access', 'Viewed bottle deposits list', '2025-07-22 02:36:47'),
(1252, 5, 'Vouchers Access', 'Viewed vouchers list', '2025-07-22 02:36:50'),
(1253, 5, 'Dashboard Access', 'Accessed admin dashboard', '2025-07-22 02:36:51'),
(1254, 5, 'Settings Access', 'Accessed settings page', '2025-07-22 02:37:20'),
(1255, 5, 'Settings Access', 'Accessed settings page', '2025-07-22 02:37:50'),
(1256, 5, 'Dashboard Access', 'Accessed admin dashboard', '2025-07-22 02:40:04'),
(1257, 5, 'Settings Access', 'Accessed settings page', '2025-07-22 02:40:09'),
(1258, 5, 'Dashboard Access', 'Accessed admin dashboard', '2025-07-22 02:40:41'),
(1259, 5, 'Bottle Deposits Access', 'Viewed bottle deposits list', '2025-07-22 02:44:05'),
(1260, 5, 'Dashboard Access', 'Accessed admin dashboard', '2025-07-22 02:44:09'),
(1261, 5, 'Dashboard Access', 'Accessed admin dashboard', '2025-07-22 02:49:15'),
(1262, 5, 'Dashboard Access', 'Accessed admin dashboard', '2025-07-22 02:51:05'),
(1263, 5, 'Dashboard Access', 'Accessed admin dashboard', '2025-07-22 02:51:08'),
(1264, 5, 'Dashboard Access', 'Accessed admin dashboard', '2025-07-22 02:51:09'),
(1265, 5, 'Dashboard Access', 'Accessed admin dashboard', '2025-07-22 02:51:10'),
(1266, 5, 'Bottle Deposits Access', 'Viewed bottle deposits list', '2025-07-22 02:51:12'),
(1267, 5, 'Dashboard Access', 'Accessed admin dashboard', '2025-07-22 02:51:13'),
(1268, 5, 'Dashboard Access', 'Accessed admin dashboard', '2025-07-22 02:51:15'),
(1269, 5, 'Dashboard Access', 'Accessed admin dashboard', '2025-07-22 02:53:16'),
(1270, 5, 'Dashboard Access', 'Accessed admin dashboard', '2025-07-22 02:54:07'),
(1271, 5, 'Dashboard Access', 'Accessed admin dashboard', '2025-07-22 02:59:37'),
(1272, 5, 'Dashboard Access', 'Accessed admin dashboard', '2025-07-22 03:00:22'),
(1273, 5, 'Dashboard Access', 'Accessed admin dashboard', '2025-07-22 03:00:45'),
(1274, 5, 'Deposits Access', 'Viewed deposits list', '2025-07-22 03:00:51'),
(1275, 5, 'Dashboard Access', 'Accessed admin dashboard', '2025-07-22 03:00:58'),
(1276, 5, 'Bottle Deposits Access', 'Viewed bottle deposits list', '2025-07-22 03:00:59'),
(1277, 5, 'Dashboard Access', 'Accessed admin dashboard', '2025-07-22 03:01:02'),
(1278, 5, 'Deposits Access', 'Viewed deposits list', '2025-07-22 03:01:05'),
(1279, 5, 'Dashboard Access', 'Accessed admin dashboard', '2025-07-22 03:01:08'),
(1280, 5, 'Bottle Deposits Access', 'Viewed bottle deposits list', '2025-07-22 03:01:09'),
(1281, 5, 'Dashboard Access', 'Accessed admin dashboard', '2025-07-22 03:01:22'),
(1282, 5, 'Bottle Deposits Access', 'Viewed bottle deposits list', '2025-07-22 03:01:31'),
(1283, 5, 'Vouchers Access', 'Viewed vouchers list', '2025-07-22 03:01:36'),
(1284, 5, 'Vouchers Access', 'Viewed vouchers list', '2025-07-22 03:02:39'),
(1285, 5, 'Vouchers Access', 'Viewed vouchers list', '2025-07-22 03:10:24'),
(1286, 5, 'Vouchers Access', 'Viewed vouchers list', '2025-07-22 03:10:51'),
(1287, 5, 'Vouchers Access', 'Viewed vouchers list', '2025-07-22 03:11:28'),
(1288, 5, 'Vouchers Access', 'Viewed vouchers list', '2025-07-22 03:12:22'),
(1289, 5, 'Vouchers Access', 'Viewed vouchers list', '2025-07-22 03:14:22'),
(1290, 5, 'Vouchers Access', 'Viewed vouchers list', '2025-07-22 03:14:24'),
(1291, 5, 'Vouchers Access', 'Viewed vouchers list', '2025-07-22 03:15:16'),
(1292, 5, 'Bottle Deposits Access', 'Viewed bottle deposits list', '2025-07-22 03:15:34'),
(1293, 5, 'Dashboard Access', 'Accessed admin dashboard', '2025-07-22 03:15:35'),
(1294, 5, 'Bins Access', 'Viewed trash bins list', '2025-07-22 03:15:39'),
(1295, 5, 'Network Monitoring', 'Viewed active-sessions', '2025-07-22 03:15:40'),
(1296, 5, 'Network Monitoring', 'Viewed active-sessions', '2025-07-22 03:16:43'),
(1297, 5, 'Bottle Deposits Access', 'Viewed bottle deposits list', '2025-07-22 03:16:44'),
(1298, 5, 'Vouchers Access', 'Viewed vouchers list', '2025-07-22 03:16:45'),
(1299, 5, 'Vouchers Access', 'Viewed vouchers list', '2025-07-22 03:16:47'),
(1300, 5, 'Vouchers Access', 'Viewed vouchers list', '2025-07-22 03:19:52'),
(1301, 5, 'Bins Access', 'Viewed trash bins list', '2025-07-22 03:20:05'),
(1302, 5, 'Vouchers Access', 'Viewed vouchers list', '2025-07-22 03:20:07'),
(1303, 5, 'Bottle Deposits Access', 'Viewed bottle deposits list', '2025-07-22 03:20:08'),
(1304, 5, 'Dashboard Access', 'Accessed admin dashboard', '2025-07-22 03:20:09'),
(1305, 5, 'Bottle Deposits Access', 'Viewed bottle deposits list', '2025-07-22 03:20:13'),
(1306, 5, 'Bins Access', 'Viewed trash bins list', '2025-07-22 03:20:15'),
(1307, 5, 'Bin Emptied', 'Bin #3 emptied. Previous level: 10 kg.', '2025-07-22 03:20:20'),
(1308, 5, 'Bins Access', 'Viewed trash bins list', '2025-07-22 03:20:20'),
(1309, 5, 'Bin Emptied', 'Bin #3 emptied. Previous level: 0 kg.', '2025-07-22 03:20:29'),
(1310, 5, 'Bins Access', 'Viewed trash bins list', '2025-07-22 03:20:29'),
(1311, 5, 'Dashboard Access', 'Accessed admin dashboard', '2025-07-22 03:20:46'),
(1312, 5, 'Bins Access', 'Viewed trash bins list', '2025-07-22 03:20:50'),
(1313, 5, 'Bins Access', 'Viewed bin page', '2025-07-22 03:22:40'),
(1314, 5, 'Bins Access', 'Viewed bin page', '2025-07-22 03:22:42'),
(1315, 5, 'Bins Access', 'Viewed trash bins list', '2025-07-22 03:23:30'),
(1316, 5, 'Bins Access', 'Viewed trash bins list', '2025-07-22 03:23:32'),
(1317, 5, 'Bins Access', 'Viewed trash bins list', '2025-07-22 03:23:57'),
(1318, 5, 'Bins Access', 'Viewed trash bins list', '2025-07-22 03:25:10'),
(1319, 5, 'Bins Access', 'Viewed trash bins list', '2025-07-22 03:25:55'),
(1320, 5, 'Bins Access', 'Viewed single trash bin #1 details', '2025-07-22 03:27:21'),
(1321, 5, 'Dashboard Access', 'Accessed admin dashboard', '2025-07-22 03:28:15'),
(1322, 5, 'Dashboard Access', 'Accessed admin dashboard', '2025-07-22 03:28:17'),
(1323, 5, 'Bottle Deposits Access', 'Viewed bottle deposits list', '2025-07-22 03:28:48'),
(1324, 5, 'Bins Access', 'Viewed trash bins list', '2025-07-22 03:28:49'),
(1325, 5, 'Bins Access', 'Viewed trash bins list', '2025-07-22 03:28:50'),
(1326, 5, 'Bins Access', 'Viewed trash bins list', '2025-07-22 03:38:48'),
(1327, 5, 'Dashboard Access', 'Accessed admin dashboard', '2025-07-22 03:38:49'),
(1328, 5, 'Bottle Deposits Access', 'Viewed bottle deposits list', '2025-07-22 03:38:51'),
(1329, 5, 'Bins Access', 'Viewed trash bins list', '2025-07-22 03:38:53'),
(1330, 5, 'Vouchers Access', 'Viewed vouchers list', '2025-07-22 03:38:55'),
(1331, 5, 'Network Monitoring', 'Viewed active-sessions', '2025-07-22 03:38:58'),
(1332, 5, 'Network Monitoring', 'Viewed session-logs', '2025-07-22 03:39:00'),
(1333, 5, 'Network Monitoring', 'Viewed student-sessions', '2025-07-22 03:39:01'),
(1334, 5, 'Network Monitoring', 'Viewed active-sessions', '2025-07-22 03:39:06'),
(1335, 5, 'Network Monitoring', 'Viewed session-logs', '2025-07-22 03:39:07'),
(1336, 5, 'Network Monitoring', 'Viewed student-sessions', '2025-07-22 03:39:11'),
(1337, 5, 'Network Monitoring', 'Viewed session-logs', '2025-07-22 03:39:13'),
(1338, 5, 'Network Monitoring', 'Viewed active-sessions', '2025-07-22 03:39:15'),
(1339, 5, 'Users Access', 'Viewed users list', '2025-07-22 03:39:16'),
(1340, 5, 'Activity Logs', 'Viewed admin logs', '2025-07-22 03:39:21'),
(1341, 5, 'Activity Logs', 'Viewed SMS logs', '2025-07-22 03:39:25'),
(1342, 5, 'Activity Logs', 'Viewed admin logs', '2025-07-22 03:39:27'),
(1343, 5, 'Activity Logs', 'Viewed SMS logs', '2025-07-22 03:39:28'),
(1344, 5, 'Activity Logs', 'Viewed admin logs', '2025-07-22 03:39:31'),
(1345, 5, 'Activity Logs', 'Viewed SMS logs', '2025-07-22 03:39:36'),
(1346, 5, 'Activity Logs', 'Viewed admin logs', '2025-07-22 03:39:39'),
(1347, 5, 'Activity Logs', 'Viewed admin logs', '2025-07-22 03:39:42'),
(1348, 5, 'Activity Logs', 'Viewed SMS logs', '2025-07-22 03:39:46'),
(1349, 5, 'Users Access', 'Viewed users list', '2025-07-22 03:39:52'),
(1350, 5, 'Users Access', 'Viewed users list', '2025-07-22 03:42:23'),
(1351, 5, 'Admin Access', 'Viewed admins list', '2025-07-22 03:52:36'),
(1352, 5, 'Admin Access', 'Viewed admins list', '2025-07-22 03:54:11'),
(1353, 5, 'Admin Update', 'granted admin rights to admin #3', '2025-07-22 03:54:36'),
(1354, 5, 'Admin Access', 'Viewed admins list', '2025-07-22 03:54:36'),
(1355, 5, 'Admin Update', 'revoked admin rights from admin #1', '2025-07-22 03:54:39'),
(1356, 5, 'Admin Access', 'Viewed admins list', '2025-07-22 03:54:39'),
(1357, 5, 'Admin Update', 'revoked admin rights from admin #3', '2025-07-22 03:54:40'),
(1358, 5, 'Admin Access', 'Viewed admins list', '2025-07-22 03:54:40'),
(1359, 5, 'Admin Update', 'revoked admin rights from admin #4', '2025-07-22 03:54:41'),
(1360, 5, 'Admin Access', 'Viewed admins list', '2025-07-22 03:54:41'),
(1361, 5, 'Admin Update', 'granted admin rights to admin #4', '2025-07-22 03:54:44'),
(1362, 5, 'Admin Access', 'Viewed admins list', '2025-07-22 03:54:44'),
(1363, 5, 'Admin Update', 'granted admin rights to admin #3', '2025-07-22 03:54:46'),
(1364, 5, 'Admin Access', 'Viewed admins list', '2025-07-22 03:54:46');
INSERT INTO `systemlog` (`log_id`, `admin_id`, `action`, `details`, `timestamp`) VALUES
(1365, 5, 'Admin Update', 'granted admin rights to admin #1', '2025-07-22 03:54:47'),
(1366, 5, 'Admin Access', 'Viewed admins list', '2025-07-22 03:54:47'),
(1367, 5, 'Admin Update', 'granted admin rights to admin #2', '2025-07-22 03:54:49'),
(1368, 5, 'Admin Access', 'Viewed admins list', '2025-07-22 03:54:49'),
(1369, 5, 'Admin Update', 'revoked admin rights from admin #1', '2025-07-22 03:54:51'),
(1370, 5, 'Admin Access', 'Viewed admins list', '2025-07-22 03:54:51'),
(1371, 5, 'Admin Update', 'revoked admin rights from admin #3', '2025-07-22 03:54:53'),
(1372, 5, 'Admin Access', 'Viewed admins list', '2025-07-22 03:54:53'),
(1373, 5, 'Admin Update', 'revoked admin rights from admin #4', '2025-07-22 03:54:56'),
(1374, 5, 'Admin Access', 'Viewed admins list', '2025-07-22 03:54:56'),
(1375, 5, 'Admin Update', 'revoked admin rights from admin #2', '2025-07-22 03:54:57'),
(1376, 5, 'Admin Access', 'Viewed admins list', '2025-07-22 03:54:57'),
(1377, 5, 'Admin Access', 'Viewed admins list', '2025-07-22 03:56:01'),
(1378, 5, 'Admin Access', 'Viewed admins list', '2025-07-22 03:56:03'),
(1379, 5, 'Admin Update', 'granted admin rights to admin #4', '2025-07-22 03:56:05'),
(1380, 5, 'Admin Access', 'Viewed admins list', '2025-07-22 03:56:05'),
(1381, 5, 'Admin Update', 'revoked admin rights from admin #4', '2025-07-22 03:56:06'),
(1382, 5, 'Admin Access', 'Viewed admins list', '2025-07-22 03:56:06'),
(1383, 5, 'Admin Access', 'Viewed admins list', '2025-07-22 03:57:15'),
(1384, 5, 'Admin Access', 'Viewed admins list', '2025-07-22 03:58:06'),
(1385, 5, 'Admin Access', 'Viewed admins list', '2025-07-22 03:58:07'),
(1386, 5, 'Admin Access', 'Viewed admins list', '2025-07-22 03:58:26'),
(1387, 5, 'Dashboard Access', 'Accessed admin dashboard', '2025-07-22 03:58:48'),
(1388, 5, 'Network Monitoring', 'Viewed active-sessions', '2025-07-22 03:58:50'),
(1389, 5, 'Admin Access', 'Viewed admins list', '2025-07-22 03:58:51'),
(1390, 5, 'Admin Access', 'Viewed admins list', '2025-07-22 04:00:01'),
(1391, 5, 'Admin Access', 'Viewed admins list', '2025-07-22 04:02:14'),
(1392, 5, 'Dashboard Access', 'Accessed admin dashboard', '2025-07-22 04:02:31'),
(1393, 5, 'Admin Access', 'Viewed admins list', '2025-07-22 04:02:34'),
(1394, 5, 'Network Monitoring', 'Viewed active-sessions', '2025-07-22 04:02:36'),
(1395, 5, 'Dashboard Access', 'Accessed admin dashboard', '2025-07-22 04:02:38'),
(1396, 5, 'Admin Access', 'Viewed admins list', '2025-07-22 04:03:32'),
(1397, 5, 'Admin Access', 'Viewed admins list', '2025-07-22 04:07:07'),
(1398, 5, 'Admin Access', 'Viewed admins list', '2025-07-22 04:08:25'),
(1399, 5, 'Admin Access', 'Viewed admins list', '2025-07-22 04:10:13'),
(1400, 5, 'Dashboard Access', 'Accessed admin dashboard', '2025-07-22 04:10:26'),
(1401, 5, 'Admin Access', 'Viewed admins list', '2025-07-22 04:10:33'),
(1402, 5, 'Dashboard Access', 'Accessed admin dashboard', '2025-07-22 04:10:35'),
(1403, 5, 'Dashboard Access', 'Accessed admin dashboard', '2025-07-22 04:10:58'),
(1404, 5, 'Bottle Deposits Access', 'Viewed bottle deposits list', '2025-07-22 04:10:59'),
(1405, 5, 'Bottle Deposits Access', 'Viewed bottle deposits list', '2025-07-22 04:11:16'),
(1406, 5, 'Vouchers Access', 'Viewed vouchers list', '2025-07-22 04:11:17'),
(1407, 5, 'Bottle Deposits Access', 'Viewed bottle deposits list', '2025-07-22 04:11:19'),
(1408, 5, 'Bottle Deposits Access', 'Viewed bottle deposits list', '2025-07-22 04:11:36'),
(1409, 5, 'Bins Access', 'Viewed trash bins list', '2025-07-22 04:11:38'),
(1410, 5, 'Bins Access', 'Viewed trash bins list', '2025-07-22 04:12:01'),
(1411, 5, 'Network Monitoring', 'Viewed active-sessions', '2025-07-22 04:12:03'),
(1412, 5, 'Network Monitoring', 'Viewed active-sessions', '2025-07-22 04:12:19'),
(1413, 5, 'Admin Access', 'Viewed admins list', '2025-07-22 04:12:21'),
(1414, 5, 'Activity Logs', 'Viewed admin logs', '2025-07-22 04:12:22'),
(1415, 5, 'Activity Logs', 'Viewed admin logs', '2025-07-22 04:12:52'),
(1416, 5, 'Activity Logs', 'Viewed SMS logs', '2025-07-22 04:12:53'),
(1417, 5, 'Activity Logs', 'Viewed admin logs', '2025-07-22 04:12:54'),
(1418, 5, 'Dashboard Access', 'Accessed admin dashboard', '2025-07-22 04:12:57'),
(1419, 5, 'Settings Access', 'Accessed settings page', '2025-07-22 04:13:03'),
(1420, 5, 'Settings Access', 'Accessed settings page', '2025-07-22 04:13:20'),
(1421, 5, 'Settings Access', 'Accessed settings page', '2025-07-22 04:14:02'),
(1422, 5, 'Dashboard Access', 'Accessed admin dashboard', '2025-07-22 04:14:22'),
(1423, 5, 'Dashboard Access', 'Accessed admin dashboard', '2025-07-22 04:14:44'),
(1424, 5, 'Admin Access', 'Viewed admins list', '2025-07-22 04:14:47'),
(1425, 5, 'Activity Logs', 'Viewed admin logs', '2025-07-22 04:14:48'),
(1426, 5, 'Network Monitoring', 'Viewed active-sessions', '2025-07-22 04:14:50'),
(1427, 5, 'Network Monitoring', 'Viewed student-sessions', '2025-07-22 04:14:52'),
(1428, 5, 'Network Monitoring', 'Viewed student-sessions', '2025-07-22 05:23:06'),
(1429, 5, 'Dashboard Access', 'Accessed admin dashboard', '2025-07-22 05:23:15'),
(1430, 5, 'Dashboard Access', 'Accessed admin dashboard', '2025-07-22 05:23:57'),
(1431, 5, 'Dashboard Access', 'Accessed admin dashboard', '2025-07-22 05:24:57'),
(1432, 5, 'Dashboard Access', 'Accessed admin dashboard', '2025-07-22 05:26:00'),
(1433, 5, 'Bottle Deposits Access', 'Viewed bottle deposits list', '2025-07-22 05:26:10'),
(1434, 5, 'Vouchers Access', 'Viewed vouchers list', '2025-07-22 05:26:11'),
(1435, 5, 'Vouchers Access', 'Viewed vouchers list', '2025-07-22 05:26:57'),
(1436, 5, 'Vouchers Access', 'Viewed vouchers list', '2025-07-22 05:28:02'),
(1437, 5, 'Bottle Deposits Access', 'Viewed bottle deposits list', '2025-07-22 05:28:20'),
(1438, 5, 'Bins Access', 'Viewed trash bins list', '2025-07-22 05:28:23'),
(1439, 5, 'Network Monitoring', 'Viewed active-sessions', '2025-07-22 05:28:27'),
(1440, 5, 'Admin Access', 'Viewed admins list', '2025-07-22 05:28:29'),
(1441, 5, 'Admin Access', 'Viewed admins list', '2025-07-22 05:28:56'),
(1442, 5, 'Admin Access', 'Viewed admins list', '2025-07-22 05:29:12'),
(1443, 5, 'Activity Logs', 'Viewed admin logs', '2025-07-22 05:29:23'),
(1444, 5, 'Admin Access', 'Viewed admins list', '2025-07-22 05:29:26'),
(1445, 5, 'Network Monitoring', 'Viewed active-sessions', '2025-07-22 05:29:28'),
(1446, 5, 'Bins Access', 'Viewed trash bins list', '2025-07-22 05:29:31'),
(1447, 5, 'Vouchers Access', 'Viewed vouchers list', '2025-07-22 05:29:33'),
(1448, 5, 'Dashboard Access', 'Accessed admin dashboard', '2025-07-22 05:29:37'),
(1449, 5, 'Vouchers Access', 'Viewed vouchers list', '2025-07-22 05:29:41'),
(1450, 5, 'Bottle Deposits Access', 'Viewed bottle deposits list', '2025-07-22 05:29:44'),
(1451, 5, 'Dashboard Access', 'Accessed admin dashboard', '2025-07-22 05:29:46'),
(1452, 5, 'Bottle Deposits Access', 'Viewed bottle deposits list', '2025-07-22 05:29:48'),
(1453, 5, 'Bottle Deposits Access', 'Viewed bottle deposits list', '2025-07-22 05:37:58'),
(1454, 5, 'Bottle Deposits Access', 'Viewed bottle deposits list', '2025-07-22 05:41:08'),
(1455, 5, 'Bottle Deposits Access', 'Viewed bottle deposits list', '2025-07-22 05:42:23'),
(1456, 5, 'Bottle Deposits Access', 'Viewed bottle deposits list', '2025-07-22 05:42:47'),
(1457, 5, 'Bottle Deposits Access', 'Viewed bottle deposits list', '2025-07-22 05:43:12'),
(1458, 5, 'Bottle Deposits Access', 'Viewed bottle deposits list', '2025-07-22 05:43:20'),
(1459, 5, 'Bottle Deposits Access', 'Viewed bottle deposits list', '2025-07-22 05:44:04'),
(1460, 5, 'Bottle Deposits Access', 'Viewed bottle deposits list', '2025-07-22 05:44:30'),
(1461, 5, 'Vouchers Access', 'Viewed vouchers list', '2025-07-22 05:44:56'),
(1462, 5, 'Bins Access', 'Viewed trash bins list', '2025-07-22 05:45:05'),
(1463, 5, 'Vouchers Access', 'Viewed vouchers list', '2025-07-22 05:45:06'),
(1464, 5, 'Bins Access', 'Viewed trash bins list', '2025-07-22 05:45:08'),
(1465, 5, 'Vouchers Access', 'Viewed vouchers list', '2025-07-22 05:45:10'),
(1466, 5, 'Bottle Deposits Access', 'Viewed bottle deposits list', '2025-07-22 05:45:11'),
(1467, 5, 'Dashboard Access', 'Accessed admin dashboard', '2025-07-22 05:45:19'),
(1468, 5, 'Bottle Deposits Access', 'Viewed bottle deposits list', '2025-07-22 05:45:21'),
(1469, 5, 'Dashboard Access', 'Accessed admin dashboard', '2025-07-22 05:45:27'),
(1470, 5, 'Bottle Deposits Access', 'Viewed bottle deposits list', '2025-07-22 05:45:31'),
(1471, 5, 'Bottle Deposits Access', 'Viewed bottle deposits list', '2025-07-22 05:45:54'),
(1472, 5, 'Bottle Deposits Access', 'Viewed bottle deposits list', '2025-07-22 05:46:13'),
(1473, 5, 'Dashboard Access', 'Accessed admin dashboard', '2025-07-22 05:46:30'),
(1474, 5, 'Bottle Deposits Access', 'Viewed bottle deposits list', '2025-07-22 05:46:33'),
(1475, 5, 'Bottle Deposits Access', 'Viewed bottle deposits list', '2025-07-22 05:46:35'),
(1476, 5, 'Dashboard Access', 'Accessed admin dashboard', '2025-07-22 05:46:36'),
(1477, 5, 'Dashboard Access', 'Accessed admin dashboard', '2025-07-22 05:46:37'),
(1478, 5, 'Dashboard Access', 'Accessed admin dashboard', '2025-07-22 05:46:38'),
(1479, 5, 'Dashboard Access', 'Accessed admin dashboard', '2025-07-22 05:47:01'),
(1480, 5, 'Bottle Deposits Access', 'Viewed bottle deposits list', '2025-07-22 05:47:03'),
(1481, 5, 'Bottle Deposits Access', 'Viewed bottle deposits list', '2025-07-22 05:47:16'),
(1483, 5, 'Bottle Deposits Access', 'Viewed bottle deposits list', '2025-07-22 05:47:52'),
(1484, 5, 'Bottle Deposits Access', 'Viewed bottle deposits list', '2025-07-22 05:49:02'),
(1485, 5, 'Deposit Added', 'Added a new bottle deposit of 2 bottles (Transaction ID: 5)', '2025-07-22 05:49:10'),
(1486, 5, 'Bottle Deposits Access', 'Viewed bottle deposits list', '2025-07-22 05:49:10'),
(1487, 5, 'Vouchers Access', 'Viewed vouchers list', '2025-07-22 05:49:28'),
(1488, 5, 'Vouchers Access', 'Viewed vouchers list', '2025-07-22 05:49:46'),
(1489, 5, 'Bins Access', 'Viewed trash bins list', '2025-07-22 05:49:50'),
(1490, 5, 'Bottle Deposits Access', 'Viewed bottle deposits list', '2025-07-22 05:49:51'),
(1491, 5, 'Vouchers Access', 'Viewed vouchers list', '2025-07-22 05:50:05'),
(1492, 5, 'Network Monitoring', 'Viewed active-sessions', '2025-07-22 05:50:18'),
(1493, 5, 'Admin Access', 'Viewed admins list', '2025-07-22 05:50:20'),
(1494, 5, 'Activity Logs', 'Viewed admin logs', '2025-07-22 05:50:21'),
(1495, 5, 'Bins Access', 'Viewed trash bins list', '2025-07-22 05:50:23'),
(1496, 5, 'Network Monitoring', 'Viewed active-sessions', '2025-07-22 05:50:25'),
(1497, 5, 'Network Monitoring', 'Viewed session-logs', '2025-07-22 05:50:29'),
(1498, 5, 'Network Monitoring', 'Viewed active-sessions', '2025-07-22 05:50:30'),
(1499, 5, 'Network Monitoring', 'Viewed session-logs', '2025-07-22 05:50:48'),
(1500, 5, 'Network Monitoring', 'Viewed student-sessions', '2025-07-22 05:50:49'),
(1501, 5, 'Network Monitoring', 'Viewed session-logs', '2025-07-22 05:50:51'),
(1502, 5, 'Network Monitoring', 'Viewed active-sessions', '2025-07-22 05:50:52'),
(1503, 5, 'Network Monitoring', 'Viewed session-logs', '2025-07-22 05:51:05'),
(1504, 5, 'Dashboard Access', 'Accessed admin dashboard', '2025-07-22 05:51:22'),
(1505, 5, 'Bottle Deposits Access', 'Viewed bottle deposits list', '2025-07-22 05:51:24'),
(1506, 5, 'Bins Access', 'Viewed trash bins list', '2025-07-22 05:51:26'),
(1507, 5, 'Network Monitoring', 'Viewed active-sessions', '2025-07-22 05:51:28'),
(1508, 5, 'Admin Access', 'Viewed admins list', '2025-07-22 05:51:29'),
(1509, 5, 'Activity Logs', 'Viewed admin logs', '2025-07-22 05:51:30'),
(1510, 5, 'Activity Logs', 'Viewed SMS logs', '2025-07-22 05:51:32'),
(1511, 5, 'Activity Logs', 'Viewed admin logs', '2025-07-22 05:51:36'),
(1512, 5, 'Dashboard Access', 'Accessed admin dashboard', '2025-07-22 05:51:37'),
(1513, 5, 'Bottle Deposits Access', 'Viewed bottle deposits list', '2025-07-22 05:51:38'),
(1514, 5, 'Vouchers Access', 'Viewed vouchers list', '2025-07-22 05:51:41'),
(1515, 5, 'Dashboard Access', 'Accessed admin dashboard', '2025-07-22 05:52:28'),
(1516, 5, 'Admin Access', 'Viewed admins list', '2025-07-22 05:52:31'),
(1517, 5, 'Activity Logs', 'Viewed admin logs', '2025-07-22 05:52:35'),
(1518, 5, 'Admin Access', 'Viewed admins list', '2025-07-22 05:52:36'),
(1519, 5, 'Network Monitoring', 'Viewed active-sessions', '2025-07-22 05:52:43'),
(1520, 5, 'Bins Access', 'Viewed trash bins list', '2025-07-22 05:52:45'),
(1521, 5, 'Vouchers Access', 'Viewed vouchers list', '2025-07-22 05:52:46'),
(1522, 5, 'Bottle Deposits Access', 'Viewed bottle deposits list', '2025-07-22 05:52:48'),
(1523, 5, 'Activity Logs', 'Viewed admin logs', '2025-07-22 05:52:55'),
(1524, 5, 'Activity Logs', 'Viewed SMS logs', '2025-07-22 05:52:57'),
(1525, 5, 'Activity Logs', 'Viewed admin logs', '2025-07-22 05:52:58'),
(1526, 5, 'Dashboard Access', 'Accessed admin dashboard', '2025-07-22 05:53:00'),
(1527, 5, 'Activity Logs', 'Viewed admin logs', '2025-07-22 05:53:41'),
(1528, 5, 'Bottle Deposits Access', 'Viewed bottle deposits list', '2025-07-22 05:54:19'),
(1529, 5, 'Settings Access', 'Accessed settings page', '2025-07-22 05:54:41'),
(1530, 5, 'Dashboard Access', 'Accessed admin dashboard', '2025-07-22 05:54:57'),
(1531, 5, 'Bottle Deposits Access', 'Viewed bottle deposits list', '2025-07-22 05:54:59'),
(1532, 5, 'Vouchers Access', 'Viewed vouchers list', '2025-07-22 05:55:00'),
(1533, 5, 'Bins Access', 'Viewed trash bins list', '2025-07-22 05:55:02'),
(1534, 5, 'Network Monitoring', 'Viewed active-sessions', '2025-07-22 05:55:04'),
(1535, 5, 'Network Monitoring', 'Viewed session-logs', '2025-07-22 05:55:07'),
(1536, 5, 'Network Monitoring', 'Viewed student-sessions', '2025-07-22 05:55:08'),
(1537, 5, 'Network Monitoring', 'Viewed session-logs', '2025-07-22 05:55:13'),
(1538, 5, 'Network Monitoring', 'Viewed student-sessions', '2025-07-22 05:55:15'),
(1539, 5, 'Network Monitoring', 'Viewed session-logs', '2025-07-22 05:55:17'),
(1540, 5, 'Network Monitoring', 'Viewed active-sessions', '2025-07-22 05:55:20'),
(1541, 5, 'Network Monitoring', 'Viewed session-logs', '2025-07-22 05:55:23'),
(1542, 5, 'Network Monitoring', 'Viewed active-sessions', '2025-07-22 05:55:26'),
(1543, 5, 'Network Monitoring', 'Viewed session-logs', '2025-07-22 05:55:28'),
(1544, 5, 'Network Monitoring', 'Viewed student-sessions', '2025-07-22 05:55:35'),
(1545, 5, 'Network Monitoring', 'Viewed bandwidth-usage', '2025-07-22 05:55:41'),
(1546, 5, 'Settings Access', 'Accessed settings page', '2025-07-22 05:55:48'),
(1547, 5, 'Dashboard Access', 'Accessed admin dashboard', '2025-07-22 05:56:26'),
(1548, 5, 'Bottle Deposits Access', 'Viewed bottle deposits list', '2025-07-22 12:06:04'),
(1549, 5, 'Vouchers Access', 'Viewed vouchers list', '2025-07-22 12:06:06'),
(1550, 5, 'Bottle Deposits Access', 'Viewed bottle deposits list', '2025-07-22 12:06:08'),
(1551, 5, 'Bins Access', 'Viewed trash bins list', '2025-07-22 12:06:10'),
(1552, 5, 'Network Monitoring', 'Viewed active-sessions', '2025-07-22 12:06:12'),
(1553, 5, 'Bins Access', 'Viewed trash bins list', '2025-07-22 12:06:16'),
(1554, 5, 'Dashboard Access', 'Accessed admin dashboard', '2025-07-23 04:41:21'),
(1555, 5, 'Bottle Deposits Access', 'Viewed bottle deposits list', '2025-07-23 04:41:25'),
(1556, 5, 'Bins Access', 'Viewed trash bins list', '2025-07-23 04:41:27'),
(1557, 5, 'Bin Emptied', 'Bin #4 emptied. Previous level: 4 kg.', '2025-07-23 04:41:38'),
(1558, 5, 'Bins Access', 'Viewed trash bins list', '2025-07-23 04:41:39'),
(1559, 5, 'Dashboard Access', 'Accessed admin dashboard', '2025-07-23 04:41:42'),
(1560, 5, 'Vouchers Access', 'Viewed vouchers list', '2025-07-23 04:41:45'),
(1561, 5, 'Bins Access', 'Viewed trash bins list', '2025-07-23 04:41:46'),
(1562, 5, 'Bin Emptied', 'Bin #1 emptied. Previous level: 95 kg.', '2025-07-23 04:41:50'),
(1563, 5, 'Bins Access', 'Viewed trash bins list', '2025-07-23 04:41:50'),
(1564, 5, 'Dashboard Access', 'Accessed admin dashboard', '2025-07-23 04:41:52'),
(1565, 5, 'Bins Access', 'Viewed trash bins list', '2025-07-23 04:41:54'),
(1566, 5, 'Bin Emptied', 'Bin #2 emptied. Previous level: 50 kg.', '2025-07-23 04:41:58'),
(1567, 5, 'Bins Access', 'Viewed trash bins list', '2025-07-23 04:41:58'),
(1568, 5, 'Dashboard Access', 'Accessed admin dashboard', '2025-07-23 04:42:00'),
(1569, 5, 'Bins Access', 'Viewed trash bins list', '2025-07-23 04:42:02'),
(1570, 5, 'Bins Access', 'Viewed trash bins list', '2025-07-23 04:44:51'),
(1571, 5, 'Bins Access', 'Viewed trash bins list', '2025-07-23 04:46:51'),
(1572, 5, 'Bins Access', 'Viewed trash bins list', '2025-07-23 04:50:52'),
(1573, 5, 'Bins Access', 'Viewed trash bins list', '2025-07-23 04:50:56'),
(1574, 5, 'Bins Access', 'Viewed trash bins list', '2025-07-23 04:51:00'),
(1575, 5, 'Bins Access', 'Viewed trash bins list', '2025-07-23 04:51:17'),
(1576, 5, 'Bins Access', 'Viewed trash bins list', '2025-07-23 04:52:29'),
(1577, 5, 'Dashboard Access', 'Accessed admin dashboard', '2025-07-23 04:53:10'),
(1578, 5, 'Bottle Deposits Access', 'Viewed bottle deposits list', '2025-07-23 04:53:12'),
(1579, 5, 'Vouchers Access', 'Viewed vouchers list', '2025-07-23 04:53:14'),
(1580, 5, 'Bins Access', 'Viewed trash bins list', '2025-07-23 04:53:15'),
(1581, 5, 'Network Monitoring', 'Viewed active-sessions', '2025-07-23 04:53:17'),
(1582, 5, 'Dashboard Access', 'Accessed admin dashboard', '2025-07-23 04:53:19'),
(1583, 5, 'Dashboard Access', 'Accessed admin dashboard', '2025-07-23 04:53:56'),
(1584, 5, 'Bottle Deposits Access', 'Viewed bottle deposits list', '2025-07-23 04:53:59'),
(1585, 5, 'Vouchers Access', 'Viewed vouchers list', '2025-07-23 04:54:00'),
(1586, 5, 'Bins Access', 'Viewed trash bins list', '2025-07-23 04:54:02'),
(1587, 5, 'Bins Access', 'Viewed trash bins list', '2025-07-23 04:55:32'),
(1588, 5, 'Network Monitoring', 'Viewed active-sessions', '2025-07-23 04:57:13'),
(1589, 5, 'Network Monitoring', 'Viewed session-logs', '2025-07-23 04:57:15'),
(1590, 5, 'Dashboard Access', 'Accessed admin dashboard', '2025-07-23 04:57:19'),
(1591, 5, 'Bins Access', 'Viewed trash bins list', '2025-07-23 04:57:24'),
(1592, 5, 'Dashboard Access', 'Accessed admin dashboard', '2025-07-23 04:57:26'),
(1593, 5, 'Bottle Deposits Access', 'Viewed bottle deposits list', '2025-07-23 04:57:29'),
(1594, 5, 'Dashboard Access', 'Accessed admin dashboard', '2025-07-23 04:57:31'),
(1595, 5, 'Bottle Deposits Access', 'Viewed bottle deposits list', '2025-07-23 04:57:34'),
(1596, 5, 'Vouchers Access', 'Viewed vouchers list', '2025-07-23 04:57:35'),
(1597, 5, 'Bins Access', 'Viewed trash bins list', '2025-07-23 04:57:37'),
(1598, 5, 'Network Monitoring', 'Viewed active-sessions', '2025-07-23 04:57:39'),
(1599, 5, 'Vouchers Access', 'Viewed vouchers list', '2025-07-23 04:57:40'),
(1600, 5, 'Vouchers Access', 'Viewed vouchers list', '2025-07-23 05:01:28'),
(1601, 5, 'Vouchers Access', 'Viewed vouchers list', '2025-07-23 05:01:30'),
(1602, 5, 'Vouchers Access', 'Viewed vouchers list', '2025-07-23 05:03:55'),
(1603, 5, 'Bottle Deposits Access', 'Viewed bottle deposits list', '2025-07-23 05:04:16'),
(1604, 5, 'Vouchers Access', 'Viewed vouchers list', '2025-07-23 05:04:18'),
(1605, 5, 'Bins Access', 'Viewed trash bins list', '2025-07-23 05:04:20'),
(1606, 5, 'Vouchers Access', 'Viewed vouchers list', '2025-07-23 05:04:21'),
(1607, 5, 'Bottle Deposits Access', 'Viewed bottle deposits list', '2025-07-23 05:04:23'),
(1608, 5, 'Deposit Added', 'Added a new bottle deposit of 2 bottles (Transaction ID: 6)', '2025-07-23 05:04:31'),
(1609, 5, 'Bottle Deposits Access', 'Viewed bottle deposits list', '2025-07-23 05:04:32'),
(1610, 5, 'Vouchers Access', 'Viewed vouchers list', '2025-07-23 05:04:39'),
(1611, 5, 'Vouchers Access', 'Viewed vouchers list', '2025-07-23 05:05:59'),
(1612, 5, 'Vouchers Access', 'Viewed vouchers list', '2025-07-23 05:06:01'),
(1613, 5, 'Vouchers Access', 'Viewed vouchers list', '2025-07-23 05:06:02'),
(1614, 5, 'Dashboard Access', 'Accessed admin dashboard', '2025-07-23 05:06:03'),
(1615, 5, 'Vouchers Access', 'Viewed vouchers list', '2025-07-23 05:06:05'),
(1616, 5, 'Bottle Deposits Access', 'Viewed bottle deposits list', '2025-07-23 05:06:17'),
(1617, 5, 'Dashboard Access', 'Accessed admin dashboard', '2025-07-23 05:06:18'),
(1618, 5, 'Bottle Deposits Access', 'Viewed bottle deposits list', '2025-07-23 05:06:19'),
(1619, 5, 'Deposit Added', 'Added a new bottle deposit of 1 bottles (Transaction ID: 7)', '2025-07-23 05:06:27'),
(1620, 5, 'Bottle Deposits Access', 'Viewed bottle deposits list', '2025-07-23 05:06:27'),
(1621, 5, 'Deposit Added', 'Added a new bottle deposit of 2 bottles (Transaction ID: 8)', '2025-07-23 05:06:37'),
(1622, 5, 'Bottle Deposits Access', 'Viewed bottle deposits list', '2025-07-23 05:06:37'),
(1623, 5, 'Vouchers Access', 'Viewed vouchers list', '2025-07-23 05:06:42'),
(1624, 5, 'Vouchers Access', 'Viewed vouchers list', '2025-07-23 05:07:27'),
(1625, 5, 'Dashboard Access', 'Accessed admin dashboard', '2025-07-23 05:07:29'),
(1626, 5, 'Bottle Deposits Access', 'Viewed bottle deposits list', '2025-07-23 05:07:30'),
(1627, 5, 'Vouchers Access', 'Viewed vouchers list', '2025-07-23 05:07:32'),
(1628, 5, 'Bottle Deposits Access', 'Viewed bottle deposits list', '2025-07-23 05:07:43'),
(1629, 5, 'Dashboard Access', 'Accessed admin dashboard', '2025-07-23 05:07:46'),
(1630, 5, 'Vouchers Access', 'Viewed vouchers list', '2025-07-23 05:07:51'),
(1631, 5, 'Vouchers Access', 'Viewed vouchers list', '2025-07-23 05:09:12'),
(1632, 5, 'Bottle Deposits Access', 'Viewed bottle deposits list', '2025-07-23 05:09:19'),
(1633, 5, 'Vouchers Access', 'Viewed vouchers list', '2025-07-23 05:09:22'),
(1634, 5, 'Bottle Deposits Access', 'Viewed bottle deposits list', '2025-07-23 05:09:31'),
(1635, 5, 'Vouchers Access', 'Viewed vouchers list', '2025-07-23 05:11:01'),
(1636, 5, 'Vouchers Access', 'Viewed vouchers list', '2025-07-23 05:12:46'),
(1637, 5, 'Voucher Settings Updated', 'Updated default voucher duration to 0 days, 1 hours, 0 minutes', '2025-07-23 05:12:52'),
(1638, 5, 'Vouchers Access', 'Viewed vouchers list', '2025-07-23 05:12:52'),
(1639, 5, 'Bottle Deposits Access', 'Viewed bottle deposits list', '2025-07-23 05:13:05'),
(1640, 5, 'Vouchers Access', 'Viewed vouchers list', '2025-07-23 05:13:09'),
(1641, 5, 'Bottle Deposits Access', 'Viewed bottle deposits list', '2025-07-23 05:13:20'),
(1642, 5, 'Bottle Deposits Access', 'Viewed bottle deposits list', '2025-07-23 05:17:47'),
(1643, 5, 'Vouchers Access', 'Viewed vouchers list', '2025-07-23 05:19:49'),
(1644, 5, 'Bottle Deposits Access', 'Viewed bottle deposits list', '2025-07-23 05:19:51'),
(1645, 5, 'Dashboard Access', 'Accessed admin dashboard', '2025-07-23 05:19:54'),
(1646, 5, 'Bottle Deposits Access', 'Viewed bottle deposits list', '2025-07-23 05:19:55'),
(1647, 5, 'Dashboard Access', 'Accessed admin dashboard', '2025-07-23 05:20:01'),
(1648, 5, 'Bottle Deposits Access', 'Viewed bottle deposits list', '2025-07-23 05:20:06'),
(1649, 5, 'Bottle Deposits Access', 'Viewed bottle deposits list', '2025-07-23 05:20:54'),
(1650, 5, 'Bottle Deposits Access', 'Viewed bottle deposits list', '2025-07-23 05:20:56'),
(1651, 5, 'Dashboard Access', 'Accessed admin dashboard', '2025-07-23 05:21:14'),
(1652, 5, 'Bottle Deposits Access', 'Viewed bottle deposits list', '2025-07-23 05:21:16'),
(1653, 5, 'Bottle Deposits Access', 'Viewed bottle deposits list', '2025-07-23 05:21:29'),
(1654, 5, 'Dashboard Access', 'Accessed admin dashboard', '2025-07-23 05:21:31'),
(1655, 5, 'Bottle Deposits Access', 'Viewed bottle deposits list', '2025-07-23 05:21:33'),
(1656, 5, 'Bottle Deposits Access', 'Viewed bottle deposits list', '2025-07-23 05:21:43'),
(1657, 5, 'Dashboard Access', 'Accessed admin dashboard', '2025-07-23 05:21:45'),
(1658, 5, 'Vouchers Access', 'Viewed vouchers list', '2025-07-23 05:21:55'),
(1659, 5, 'Bottle Deposits Access', 'Viewed bottle deposits list', '2025-07-23 05:21:56'),
(1660, 5, 'Bottle Deposits Access', 'Viewed bottle deposits list', '2025-07-23 05:23:40'),
(1661, 5, 'Dashboard Access', 'Accessed admin dashboard', '2025-07-23 05:23:49'),
(1662, 5, 'Bottle Deposits Access', 'Viewed bottle deposits list', '2025-07-23 05:23:51'),
(1663, 5, 'Bottle Deposits Access', 'Viewed bottle deposits list', '2025-07-23 05:23:57'),
(1664, 5, 'Bottle Deposits Access', 'Viewed bottle deposits list', '2025-07-23 05:24:06'),
(1665, 5, 'Bottle Deposits Access', 'Viewed bottle deposits list', '2025-07-23 05:25:18'),
(1666, 5, 'Bottle Deposits Access', 'Viewed bottle deposits list', '2025-07-23 05:26:47'),
(1667, 5, 'Bottle Deposits Access', 'Viewed bottle deposits list', '2025-07-23 05:28:48'),
(1668, 5, 'Bottle Deposits Access', 'Viewed bottle deposits list', '2025-07-23 05:29:09'),
(1669, 5, 'Bottle Deposits Access', 'Viewed bottle deposits list', '2025-07-23 05:30:04'),
(1670, 5, 'Bottle Deposits Access', 'Viewed bottle deposits list', '2025-07-23 05:30:26'),
(1671, 5, 'Bottle Deposits Access', 'Viewed bottle deposits list', '2025-07-23 05:30:28'),
(1672, 5, 'Bottle Deposits Access', 'Viewed bottle deposits list', '2025-07-23 05:30:49'),
(1673, 5, 'Deposit Added', 'Added a new bottle deposit of 1 bottles (Transaction ID: 9)', '2025-07-23 05:31:14'),
(1674, 5, 'Bottle Deposits Access', 'Viewed bottle deposits list', '2025-07-23 05:31:14'),
(1675, 5, 'Vouchers Access', 'Viewed vouchers list', '2025-07-23 05:31:17'),
(1676, 5, 'Dashboard Access', 'Accessed admin dashboard', '2025-07-23 05:31:25'),
(1677, 5, 'Bottle Deposits Access', 'Viewed bottle deposits list', '2025-07-23 05:31:27'),
(1678, 5, 'Deposit Added', 'Added a new bottle deposit of 2 bottles (Transaction ID: 10)', '2025-07-23 05:31:33'),
(1679, 5, 'Bottle Deposits Access', 'Viewed bottle deposits list', '2025-07-23 05:31:33'),
(1680, 5, 'Vouchers Access', 'Viewed vouchers list', '2025-07-23 05:31:36'),
(1681, 5, 'Bottle Deposits Access', 'Viewed bottle deposits list', '2025-07-23 05:31:43'),
(1682, 5, 'Bottle Deposits Access', 'Viewed bottle deposits list', '2025-07-23 05:33:15'),
(1683, 5, 'Bottle Deposits Access', 'Viewed bottle deposits list', '2025-07-23 05:33:31'),
(1684, 5, 'Deposit Added', 'Added a new bottle deposit of 3 bottles (Transaction ID: 11)', '2025-07-23 05:34:27'),
(1685, 5, 'Bottle Deposits Access', 'Viewed bottle deposits list', '2025-07-23 05:34:27'),
(1686, 5, 'Vouchers Access', 'Viewed vouchers list', '2025-07-23 05:34:31'),
(1687, 5, 'Vouchers Access', 'Viewed vouchers list', '2025-07-23 05:36:06'),
(1688, 5, 'Dashboard Access', 'Accessed admin dashboard', '2025-07-23 05:36:08'),
(1689, 5, 'Bottle Deposits Access', 'Viewed bottle deposits list', '2025-07-23 05:36:36'),
(1691, 5, 'Bottle Deposits Access', 'Viewed bottle deposits list', '2025-07-23 05:36:45'),
(1692, 5, 'Bottle Deposits Access', 'Viewed bottle deposits list', '2025-07-23 05:37:16'),
(1694, 5, 'Bottle Deposits Access', 'Viewed bottle deposits list', '2025-07-23 05:37:22'),
(1695, 5, 'Bottle Deposits Access', 'Viewed bottle deposits list', '2025-07-23 05:41:17'),
(1696, 5, 'Bottle Deposits Access', 'Viewed bottle deposits list', '2025-07-23 05:41:27'),
(1697, 5, 'Dashboard Access', 'Accessed admin dashboard', '2025-07-23 05:41:29'),
(1698, 5, 'Bottle Deposits Access', 'Viewed bottle deposits list', '2025-07-23 05:41:30'),
(1699, 5, 'Bottle Deposits Access', 'Viewed bottle deposits list', '2025-07-23 05:42:12'),
(1700, 5, 'Vouchers Access', 'Viewed vouchers list', '2025-07-23 05:43:55'),
(1701, 5, 'Bottle Deposits Access', 'Viewed bottle deposits list', '2025-07-23 05:44:54'),
(1703, 5, 'Bottle Deposits Access', 'Viewed bottle deposits list', '2025-07-23 05:45:01'),
(1705, 5, 'Bottle Deposits Access', 'Viewed bottle deposits list', '2025-07-23 05:45:45'),
(1706, 5, 'Bottle Deposits Access', 'Viewed bottle deposits list', '2025-07-23 05:46:00'),
(1708, 5, 'Bottle Deposits Access', 'Viewed bottle deposits list', '2025-07-23 05:46:05'),
(1709, 5, 'Bottle Deposits Access', 'Viewed bottle deposits list', '2025-07-23 05:47:34'),
(1711, 5, 'Bottle Deposits Access', 'Viewed bottle deposits list', '2025-07-23 05:47:40'),
(1712, 5, 'Bins Access', 'Viewed trash bins list', '2025-07-23 05:49:04'),
(1713, 5, 'Vouchers Access', 'Viewed vouchers list', '2025-07-23 05:49:05'),
(1714, 5, 'Bottle Deposits Access', 'Viewed bottle deposits list', '2025-07-23 05:51:01'),
(1715, 5, 'Vouchers Access', 'Viewed vouchers list', '2025-07-23 05:51:03'),
(1716, 5, 'Dashboard Access', 'Accessed admin dashboard', '2025-07-23 05:51:10'),
(1717, 5, 'Bottle Deposits Access', 'Viewed bottle deposits list', '2025-07-23 05:51:13'),
(1719, 5, 'Bottle Deposits Access', 'Viewed bottle deposits list', '2025-07-23 05:51:19'),
(1720, 5, 'Bottle Deposits Access', 'Viewed bottle deposits list', '2025-07-23 05:51:31'),
(1721, 5, 'Vouchers Access', 'Viewed vouchers list', '2025-07-23 05:51:35'),
(1722, 5, 'Dashboard Access', 'Accessed admin dashboard', '2025-07-23 05:51:37'),
(1723, 5, 'Bottle Deposits Access', 'Viewed bottle deposits list', '2025-07-23 05:51:39'),
(1724, 5, 'Deposit Added', 'Added a new bottle deposit of 2 bottles (Transaction ID: 19)', '2025-07-23 05:51:45'),
(1725, 5, 'Bottle Deposits Access', 'Viewed bottle deposits list', '2025-07-23 05:51:45'),
(1726, 5, 'Vouchers Access', 'Viewed vouchers list', '2025-07-23 05:51:48'),
(1727, 5, 'Dashboard Access', 'Accessed admin dashboard', '2025-07-23 05:51:52'),
(1728, 5, 'Bottle Deposits Access', 'Viewed bottle deposits list', '2025-07-23 05:51:54'),
(1729, 5, 'Deposit Added', 'Added a new bottle deposit of 5 bottles (Transaction ID: 20)', '2025-07-23 05:52:03'),
(1730, 5, 'Bottle Deposits Access', 'Viewed bottle deposits list', '2025-07-23 05:52:03'),
(1731, 5, 'Vouchers Access', 'Viewed vouchers list', '2025-07-23 05:52:07'),
(1732, 5, 'Dashboard Access', 'Accessed admin dashboard', '2025-07-23 05:52:11'),
(1733, 5, 'Vouchers Access', 'Viewed vouchers list', '2025-07-23 05:52:31'),
(1734, 5, 'Vouchers Access', 'Viewed vouchers list', '2025-07-23 05:53:36'),
(1735, 5, 'Vouchers Access', 'Viewed vouchers list', '2025-07-23 05:56:09'),
(1736, 5, 'Vouchers Access', 'Viewed vouchers list', '2025-07-23 05:56:15'),
(1737, 5, 'Vouchers Access', 'Viewed vouchers list', '2025-07-23 05:56:18'),
(1738, 5, 'Vouchers Access', 'Viewed vouchers list', '2025-07-23 05:56:21'),
(1739, 5, 'Vouchers Access', 'Viewed vouchers list', '2025-07-23 05:56:48'),
(1740, 5, 'Vouchers Access', 'Viewed vouchers list', '2025-07-23 05:57:11'),
(1741, 5, 'Vouchers Access', 'Viewed vouchers list', '2025-07-23 05:57:39'),
(1742, 5, 'Vouchers Access', 'Viewed vouchers list', '2025-07-23 05:57:51'),
(1743, 5, 'Vouchers Access', 'Viewed vouchers list', '2025-07-23 05:57:55'),
(1744, 5, 'Vouchers Access', 'Viewed vouchers list', '2025-07-23 05:57:57'),
(1745, 5, 'Vouchers Access', 'Viewed vouchers list', '2025-07-23 05:58:14'),
(1746, 5, 'Vouchers Access', 'Viewed vouchers list', '2025-07-23 05:58:33'),
(1747, 5, 'Vouchers Access', 'Viewed vouchers list', '2025-07-23 05:58:50'),
(1748, 5, 'Vouchers Access', 'Viewed vouchers list', '2025-07-23 05:59:01'),
(1749, 5, 'Vouchers Access', 'Viewed vouchers list', '2025-07-23 06:00:29'),
(1750, 5, 'Vouchers Access', 'Viewed vouchers list', '2025-07-23 06:00:50'),
(1751, 5, 'Vouchers Access', 'Viewed vouchers list', '2025-07-23 06:01:03'),
(1752, 5, 'Vouchers Access', 'Viewed vouchers list', '2025-07-23 06:02:08'),
(1753, 5, 'Vouchers Access', 'Viewed vouchers list', '2025-07-23 06:02:21'),
(1754, 5, 'Vouchers Access', 'Viewed vouchers list', '2025-07-23 06:02:38'),
(1755, 5, 'Vouchers Access', 'Viewed vouchers list', '2025-07-23 06:02:47'),
(1756, 5, 'Vouchers Access', 'Viewed vouchers list', '2025-07-23 06:03:07'),
(1757, 5, 'Dashboard Access', 'Accessed admin dashboard', '2025-07-23 06:03:17'),
(1758, 5, 'Vouchers Access', 'Viewed vouchers list', '2025-07-23 06:03:47'),
(1759, 5, 'Vouchers Access', 'Viewed vouchers list', '2025-07-23 06:04:10'),
(1760, 5, 'Vouchers Access', 'Viewed vouchers list', '2025-07-23 06:04:22'),
(1761, 5, 'Vouchers Access', 'Viewed vouchers list', '2025-07-23 06:04:36'),
(1762, 5, 'Voucher Settings Updated', 'Updated default voucher duration to 0 days, 1 hours, 0 minutes', '2025-07-23 06:04:42'),
(1763, 5, 'Vouchers Access', 'Viewed vouchers list', '2025-07-23 06:04:42'),
(1764, 5, 'Vouchers Access', 'Viewed vouchers list', '2025-07-23 06:06:07'),
(1765, 5, 'Bottle Deposits Access', 'Viewed bottle deposits list', '2025-07-23 06:06:09'),
(1766, 5, 'Bottle Deposits Access', 'Viewed bottle deposits list', '2025-07-23 06:06:11'),
(1767, 5, 'Vouchers Access', 'Viewed vouchers list', '2025-07-23 06:06:23'),
(1768, 5, 'Dashboard Access', 'Accessed admin dashboard', '2025-07-23 06:07:59'),
(1769, 5, 'Bottle Deposits Access', 'Viewed bottle deposits list', '2025-07-23 06:08:01'),
(1770, 5, 'Vouchers Access', 'Viewed vouchers list', '2025-07-23 06:08:05'),
(1771, 5, 'Dashboard Access', 'Accessed admin dashboard', '2025-07-23 06:08:09'),
(1772, 5, 'Dashboard Access', 'Accessed admin dashboard', '2025-07-23 06:08:10'),
(1773, 5, 'Bottle Deposits Access', 'Viewed bottle deposits list', '2025-07-23 06:08:11'),
(1774, 5, 'Vouchers Access', 'Viewed vouchers list', '2025-07-23 06:08:13'),
(1775, 5, 'Bins Access', 'Viewed trash bins list', '2025-07-23 06:08:14'),
(1776, 5, 'Network Monitoring', 'Viewed active-sessions', '2025-07-23 06:08:16'),
(1777, 5, 'Admin Access', 'Viewed admins list', '2025-07-23 06:08:18'),
(1778, 5, 'Activity Logs', 'Viewed admin logs', '2025-07-23 06:08:21'),
(1779, 5, 'Network Monitoring', 'Viewed active-sessions', '2025-07-23 06:08:25'),
(1780, 5, 'Bins Access', 'Viewed trash bins list', '2025-07-23 06:08:26'),
(1781, 5, 'Bins Access', 'Viewed trash bins list', '2025-07-23 06:08:31'),
(1782, 5, 'Bins Access', 'Viewed trash bins list', '2025-07-23 06:08:34'),
(1783, 5, 'Bins Access', 'Viewed trash bins list', '2025-07-23 06:13:13'),
(1784, 5, 'Bins Access', 'Viewed trash bins list', '2025-07-23 06:13:36'),
(1785, 5, 'Bins Access', 'Viewed trash bins list', '2025-07-23 06:15:00'),
(1786, 5, 'Bin Emptied', 'Bin #1 emptied. Previous level: 0 kg.', '2025-07-23 06:15:06'),
(1787, 5, 'Bins Access', 'Viewed trash bins list', '2025-07-23 06:15:07'),
(1788, 5, 'Bins Access', 'Viewed trash bins list', '2025-07-23 06:15:10'),
(1789, 5, 'Bins Access', 'Viewed trash bins list', '2025-07-23 06:15:13'),
(1790, 5, 'Bins Access', 'Viewed trash bins list', '2025-07-23 06:15:36'),
(1791, 5, 'Dashboard Access', 'Accessed admin dashboard', '2025-07-23 06:15:37'),
(1792, 5, 'Dashboard Access', 'Accessed admin dashboard', '2025-07-23 06:15:39'),
(1793, 5, 'Vouchers Access', 'Viewed vouchers list', '2025-07-23 06:15:40'),
(1794, 5, 'Bins Access', 'Viewed trash bins list', '2025-07-23 06:15:41'),
(1795, 5, 'Bins Access', 'Viewed trash bins list', '2025-07-23 06:16:51'),
(1796, 5, 'Bins Access', 'Viewed trash bins list', '2025-07-23 06:19:16'),
(1797, 5, 'Bins Access', 'Viewed trash bins list', '2025-07-23 06:20:18'),
(1798, 5, 'Bin Added', 'Added new bin #5 (Janitor: 1)', '2025-07-23 06:20:21'),
(1799, 5, 'Bins Access', 'Viewed trash bins list', '2025-07-23 06:20:21'),
(1800, 5, 'Bins Access', 'Viewed trash bins list', '2025-07-23 06:20:28'),
(1801, 5, 'Bins Access', 'Viewed trash bins list', '2025-07-23 06:21:47'),
(1802, 5, 'Bin Emptied', 'Bin #1 emptied. Previous level: 0 kg.', '2025-07-23 06:21:50'),
(1803, 5, 'Bins Access', 'Viewed trash bins list', '2025-07-23 06:21:50'),
(1804, 5, 'Bins Access', 'Viewed trash bins list', '2025-07-23 06:26:23'),
(1805, 5, 'Bins Access', 'Viewed trash bins list', '2025-07-23 06:27:55'),
(1806, 5, 'Bins Access', 'Viewed trash bins list', '2025-07-23 06:28:47'),
(1807, 5, 'Bin Deleted', 'Deleted bin #5', '2025-07-23 06:28:51'),
(1808, 5, 'Bins Access', 'Viewed trash bins list', '2025-07-23 06:28:51'),
(1809, 5, 'Bin Added', 'Added new bin #6 (Janitor: 1)', '2025-07-23 06:29:10'),
(1810, 5, 'Bins Access', 'Viewed trash bins list', '2025-07-23 06:29:10'),
(1811, 5, 'Bin Deleted', 'Deleted bin #6', '2025-07-23 06:29:21'),
(1812, 5, 'Bins Access', 'Viewed trash bins list', '2025-07-23 06:29:21'),
(1813, 5, 'Bins Access', 'Viewed trash bins list', '2025-07-23 06:30:37'),
(1814, 5, 'Bin Emptied', 'Bin #1 emptied. Previous level: 0 kg.', '2025-07-23 06:30:57'),
(1815, 5, 'Bins Access', 'Viewed trash bins list', '2025-07-23 06:30:57'),
(1816, 5, 'Bottle Deposits Access', 'Viewed bottle deposits list', '2025-07-23 06:30:59'),
(1817, 5, 'Dashboard Access', 'Accessed admin dashboard', '2025-07-23 06:31:01'),
(1818, 5, 'Bins Access', 'Viewed trash bins list', '2025-07-23 06:31:02'),
(1819, 5, 'Vouchers Access', 'Viewed vouchers list', '2025-07-23 06:31:04'),
(1820, 5, 'Bottle Deposits Access', 'Viewed bottle deposits list', '2025-07-23 06:31:05'),
(1821, 5, 'Bottle Deposits Access', 'Viewed bottle deposits list', '2025-07-23 06:31:16'),
(1822, 5, 'Dashboard Access', 'Accessed admin dashboard', '2025-07-23 06:31:31'),
(1823, 5, 'Activity Logs', 'Viewed admin logs', '2025-07-23 06:31:37'),
(1824, 5, 'Activity Logs', 'Viewed admin logs', '2025-07-23 06:31:39'),
(1825, 5, 'Network Monitoring', 'Viewed active-sessions', '2025-07-23 06:31:40'),
(1826, 5, 'Admin Access', 'Viewed admins list', '2025-07-23 06:31:42'),
(1827, 5, 'Activity Logs', 'Viewed admin logs', '2025-07-23 06:31:43'),
(1828, 5, 'Dashboard Access', 'Accessed admin dashboard', '2025-07-23 06:32:11'),
(1829, 5, 'Bottle Deposits Access', 'Viewed bottle deposits list', '2025-07-23 06:32:13'),
(1830, 5, 'Vouchers Access', 'Viewed vouchers list', '2025-07-23 06:32:14'),
(1831, 5, 'Bins Access', 'Viewed trash bins list', '2025-07-23 06:32:16'),
(1832, 5, 'Network Monitoring', 'Viewed active-sessions', '2025-07-23 06:32:18'),
(1833, 5, 'Activity Logs', 'Viewed admin logs', '2025-07-23 06:32:20'),
(1834, 5, 'Activity Logs', 'Viewed admin logs', '2025-07-23 06:33:37'),
(1835, 5, 'Activity Logs', 'Viewed admin logs', '2025-07-23 06:34:01'),
(1836, 5, 'Activity Logs', 'Viewed admin logs', '2025-07-23 06:34:28'),
(1837, 5, 'Activity Logs', 'Viewed admin logs', '2025-07-23 06:34:37'),
(1838, 5, 'Activity Logs', 'Viewed admin logs', '2025-07-23 06:34:45'),
(1839, 5, 'Activity Logs', 'Viewed admin logs', '2025-07-23 06:35:00'),
(1840, 5, 'Activity Logs', 'Viewed admin logs', '2025-07-23 06:35:33'),
(1841, 5, 'Activity Logs', 'Viewed SMS logs', '2025-07-23 06:36:36'),
(1842, 5, 'Activity Logs', 'Viewed admin logs', '2025-07-23 06:37:06'),
(1843, 5, 'Activity Logs', 'Viewed SMS logs', '2025-07-23 06:37:07'),
(1844, 5, 'Dashboard Access', 'Accessed admin dashboard', '2025-07-23 06:37:13'),
(1845, 5, 'Bottle Deposits Access', 'Viewed bottle deposits list', '2025-07-23 06:37:14'),
(1846, 5, 'Activity Logs', 'Viewed admin logs', '2025-07-23 06:37:16'),
(1847, 5, 'Activity Logs', 'Viewed SMS logs', '2025-07-23 06:37:58'),
(1848, 5, 'Activity Logs', 'Viewed admin logs', '2025-07-23 06:38:01'),
(1849, 5, 'Activity Logs', 'Viewed SMS logs', '2025-07-23 06:38:05'),
(1850, 5, 'Activity Logs', 'Viewed admin logs', '2025-07-23 06:38:09'),
(1851, 5, 'Activity Logs', 'Viewed SMS logs', '2025-07-23 06:38:11'),
(1852, 5, 'Activity Logs', 'Viewed admin logs', '2025-07-23 06:38:46'),
(1853, 5, 'Activity Logs', 'Viewed SMS logs', '2025-07-23 06:38:51'),
(1854, 5, 'Activity Logs', 'Viewed admin logs', '2025-07-23 06:38:53'),
(1855, 5, 'Activity Logs', 'Viewed admin logs', '2025-07-23 06:39:16'),
(1856, 5, 'Activity Logs', 'Viewed SMS logs', '2025-07-23 06:39:21'),
(1857, 5, 'Activity Logs', 'Viewed SMS logs', '2025-07-23 06:39:41'),
(1858, 5, 'Activity Logs', 'Viewed admin logs', '2025-07-23 06:39:48'),
(1859, 5, 'Activity Logs', 'Viewed admin logs', '2025-07-23 06:39:53'),
(1860, 5, 'Activity Logs', 'Viewed admin logs', '2025-07-23 06:39:55'),
(1861, 5, 'Activity Logs', 'Viewed SMS logs', '2025-07-23 06:39:59'),
(1862, 5, 'Network Monitoring', 'Viewed active-sessions', '2025-07-23 06:40:01'),
(1863, 5, 'Bins Access', 'Viewed trash bins list', '2025-07-23 06:40:02'),
(1864, 5, 'Vouchers Access', 'Viewed vouchers list', '2025-07-23 06:40:04'),
(1865, 5, 'Bottle Deposits Access', 'Viewed bottle deposits list', '2025-07-23 06:40:05'),
(1866, 5, 'Dashboard Access', 'Accessed admin dashboard', '2025-07-23 06:40:06'),
(1867, 5, 'Admin Access', 'Viewed admins list', '2025-07-23 06:40:12'),
(1868, 5, 'Activity Logs', 'Viewed admin logs', '2025-07-23 06:40:13'),
(1869, 5, 'Network Monitoring', 'Viewed active-sessions', '2025-07-23 06:40:15'),
(1870, 5, 'Bins Access', 'Viewed trash bins list', '2025-07-23 06:40:17'),
(1871, 5, 'Settings Access', 'Accessed settings page', '2025-07-23 06:40:36'),
(1872, 5, 'Dashboard Access', 'Accessed admin dashboard', '2025-07-23 06:40:43'),
(1873, 5, 'Bins Access', 'Viewed trash bins list', '2025-07-23 06:40:46'),
(1874, 5, 'Bins Access', 'Viewed trash bins list', '2025-07-23 06:46:46'),
(1875, 5, 'Bins Access', 'Viewed trash bins list', '2025-07-23 06:49:03'),
(1876, 5, 'Bins Access', 'Viewed trash bins list', '2025-07-23 06:50:05'),
(1877, 5, 'Bins Access', 'Viewed trash bins list', '2025-07-23 06:51:03'),
(1878, 5, 'Bins Access', 'Viewed trash bins list', '2025-07-23 06:51:22'),
(1879, 5, 'Bins Access', 'Viewed trash bins list', '2025-07-23 06:51:33'),
(1880, 5, 'Bins Access', 'Viewed trash bins list', '2025-07-23 06:51:59'),
(1881, 5, 'Janitor Added', 'Added janitor with contact: 09754842255', '2025-07-23 06:52:28'),
(1882, 5, 'Bins Access', 'Viewed trash bins list', '2025-07-23 06:52:28'),
(1883, 5, 'Dashboard Access', 'Accessed admin dashboard', '2025-07-23 06:52:42'),
(1884, 5, 'Bottle Deposits Access', 'Viewed bottle deposits list', '2025-07-23 06:52:43'),
(1885, 5, 'Bins Access', 'Viewed trash bins list', '2025-07-23 06:52:44'),
(1886, 5, 'Network Monitoring', 'Viewed active-sessions', '2025-07-23 06:52:47'),
(1887, 5, 'Network Monitoring', 'Viewed bandwidth-usage', '2025-07-23 06:52:50'),
(1888, 5, 'Network Monitoring', 'Viewed student-sessions', '2025-07-23 06:52:52'),
(1889, 5, 'Network Monitoring', 'Viewed session-logs', '2025-07-23 06:52:53'),
(1890, 5, 'Network Monitoring', 'Viewed active-sessions', '2025-07-23 06:52:54'),
(1891, 5, 'Network Monitoring', 'Viewed bandwidth-usage', '2025-07-23 06:52:57'),
(1892, 5, 'Network Monitoring', 'Viewed active-sessions', '2025-07-23 06:53:01'),
(1893, 5, 'Network Monitoring', 'Viewed active-sessions', '2025-07-23 06:53:28'),
(1894, 5, 'Network Monitoring', 'Viewed session-logs', '2025-07-23 06:53:29'),
(1895, 5, 'Network Monitoring', 'Viewed active-sessions', '2025-07-23 06:53:30'),
(1896, 5, 'Network Monitoring', 'Viewed student-sessions', '2025-07-23 06:53:34'),
(1897, 5, 'Network Monitoring', 'Viewed session-logs', '2025-07-23 06:53:36'),
(1898, 5, 'Network Monitoring', 'Viewed student-sessions', '2025-07-23 06:53:50'),
(1899, 5, 'Network Monitoring', 'Viewed active-sessions', '2025-07-23 06:54:07'),
(1900, 5, 'Network Monitoring', 'Viewed session-logs', '2025-07-23 06:54:08'),
(1901, 5, 'Network Monitoring', 'Viewed student-sessions', '2025-07-23 06:54:10'),
(1902, 5, 'Network Monitoring', 'Viewed bandwidth-usage', '2025-07-23 06:54:15'),
(1903, 5, 'Network Monitoring', 'Viewed student-sessions', '2025-07-23 06:54:17'),
(1904, 5, 'Network Monitoring', 'Viewed student-sessions', '2025-07-23 06:54:38'),
(1905, 5, 'Network Monitoring', 'Viewed session-logs', '2025-07-23 06:54:51'),
(1906, 5, 'Network Monitoring', 'Viewed student-sessions', '2025-07-23 06:54:53'),
(1907, 5, 'Network Monitoring', 'Viewed active-sessions', '2025-07-23 06:54:54'),
(1908, 5, 'Network Monitoring', 'Viewed student-sessions', '2025-07-23 06:54:56'),
(1909, 5, 'Network Monitoring', 'Viewed active-sessions', '2025-07-23 06:57:04'),
(1910, 5, 'Network Monitoring', 'Viewed session-logs', '2025-07-23 06:57:06'),
(1911, 5, 'Network Monitoring', 'Viewed student-sessions', '2025-07-23 06:57:08'),
(1912, 5, 'Network Monitoring', 'Viewed session-logs', '2025-07-23 06:57:38'),
(1913, 5, 'Network Monitoring', 'Viewed student-sessions', '2025-07-23 06:57:39'),
(1914, 5, 'Network Monitoring', 'Viewed student-sessions', '2025-07-23 07:00:26'),
(1915, 5, 'Network Monitoring', 'Viewed student-sessions', '2025-07-23 07:00:28'),
(1916, 5, 'Network Monitoring', 'Viewed session-logs', '2025-07-23 07:00:32'),
(1917, 5, 'Network Monitoring', 'Viewed active-sessions', '2025-07-23 07:00:34'),
(1918, 5, 'Network Monitoring', 'Viewed student-sessions', '2025-07-23 07:00:37'),
(1919, 5, 'Network Monitoring', 'Viewed session-logs', '2025-07-23 07:00:40'),
(1920, 5, 'Network Monitoring', 'Viewed active-sessions', '2025-07-23 07:00:48'),
(1921, 5, 'Network Monitoring', 'Viewed student-sessions', '2025-07-23 07:00:53'),
(1922, 5, 'Network Monitoring', 'Viewed session-logs', '2025-07-23 07:00:54'),
(1923, 5, 'Network Monitoring', 'Viewed session-logs', '2025-07-23 07:03:08'),
(1924, 5, 'Network Monitoring', 'Viewed student-sessions', '2025-07-23 07:03:13'),
(1925, 5, 'Network Monitoring', 'Viewed student-sessions', '2025-07-23 07:03:16'),
(1926, 5, 'Network Monitoring', 'Viewed active-sessions', '2025-07-23 07:03:16'),
(1927, 5, 'Network Monitoring', 'Viewed session-logs', '2025-07-23 07:03:18'),
(1928, 5, 'Network Monitoring', 'Viewed student-sessions', '2025-07-23 07:03:21'),
(1929, 5, 'Network Monitoring', 'Viewed active-sessions', '2025-07-23 07:03:23'),
(1930, 5, 'Network Monitoring', 'Viewed student-sessions', '2025-07-23 07:04:06'),
(1931, 5, 'Network Monitoring', 'Viewed session-logs', '2025-07-23 07:04:10'),
(1932, 5, 'Network Monitoring', 'Viewed session-logs', '2025-07-23 07:04:10'),
(1933, 5, 'Network Monitoring', 'Viewed active-sessions', '2025-07-23 07:04:14'),
(1934, 5, 'Network Monitoring', 'Viewed session-logs', '2025-07-23 07:04:15'),
(1935, 5, 'Network Monitoring', 'Viewed active-sessions', '2025-07-23 07:04:17'),
(1936, 5, 'Network Monitoring', 'Viewed student-sessions', '2025-07-23 07:05:02'),
(1937, 5, 'Network Monitoring', 'Viewed session-logs', '2025-07-23 07:05:03'),
(1938, 5, 'Network Monitoring', 'Viewed session-logs', '2025-07-23 07:11:51'),
(1939, 5, 'Network Monitoring', 'Viewed session-logs', '2025-07-23 07:11:52'),
(1940, 5, 'Network Monitoring', 'Viewed active-sessions', '2025-07-23 07:11:54'),
(1941, 5, 'Network Monitoring', 'Viewed active-sessions', '2025-07-23 07:11:56'),
(1942, 5, 'Network Monitoring', 'Viewed user-sessions', '2025-07-23 07:11:56'),
(1943, 5, 'Network Monitoring', 'Viewed session-logs', '2025-07-23 07:11:59'),
(1944, 5, 'Network Monitoring', 'Viewed user-sessions', '2025-07-23 07:12:00'),
(1945, 5, 'Network Monitoring', 'Viewed session-logs', '2025-07-23 07:12:03'),
(1946, 5, 'Network Monitoring', 'Viewed active-sessions', '2025-07-23 07:12:06'),
(1947, 5, 'Network Monitoring', 'Viewed session-logs', '2025-07-23 07:12:09'),
(1948, 5, 'Network Monitoring', 'Viewed active-sessions', '2025-07-23 07:12:11'),
(1949, 5, 'Network Monitoring', 'Viewed user-sessions', '2025-07-23 07:12:15'),
(1950, 5, 'Network Monitoring', 'Viewed session-logs', '2025-07-23 07:12:38'),
(1951, 5, 'Network Monitoring', 'Viewed active-sessions', '2025-07-23 07:12:43'),
(1952, 5, 'Network Monitoring', 'Viewed active-sessions', '2025-07-23 07:12:43'),
(1953, 5, 'Network Monitoring', 'Viewed session-logs', '2025-07-23 07:12:46'),
(1954, 5, 'Network Monitoring', 'Viewed user-sessions', '2025-07-23 07:12:49'),
(1955, 5, 'Network Monitoring', 'Viewed session-logs', '2025-07-23 07:12:50'),
(1956, 5, 'Network Monitoring', 'Viewed bandwidth-usage', '2025-07-23 07:12:55'),
(1957, 5, 'Bottle Deposits Access', 'Viewed bottle deposits list', '2025-07-23 07:12:57'),
(1958, 5, 'Vouchers Access', 'Viewed vouchers list', '2025-07-23 07:13:00'),
(1959, 5, 'Bottle Deposits Access', 'Viewed bottle deposits list', '2025-07-23 07:13:03'),
(1960, 5, 'Vouchers Access', 'Viewed vouchers list', '2025-07-23 07:13:06'),
(1961, 5, 'Network Monitoring', 'Viewed active-sessions', '2025-07-23 07:13:07'),
(1962, 5, 'Network Monitoring', 'Viewed user-sessions', '2025-07-23 07:13:22'),
(1963, 5, 'Network Monitoring', 'Viewed user-sessions', '2025-07-23 07:14:15'),
(1964, 5, 'Network Monitoring', 'Viewed session-logs', '2025-07-23 07:14:19'),
(1965, 5, 'Network Monitoring', 'Viewed session-logs', '2025-07-23 07:14:34'),
(1966, 5, 'Network Monitoring', 'Viewed user-sessions', '2025-07-23 07:14:50'),
(1967, 5, 'Network Monitoring', 'Viewed session-logs', '2025-07-23 07:14:52'),
(1968, 5, 'Network Monitoring', 'Viewed active-sessions', '2025-07-23 07:14:53'),
(1969, 5, 'Network Monitoring', 'Viewed active-sessions', '2025-07-23 07:15:02'),
(1970, 5, 'Network Monitoring', 'Viewed session-logs', '2025-07-23 07:15:02'),
(1971, 5, 'Network Monitoring', 'Viewed user-sessions', '2025-07-23 07:15:04'),
(1972, 5, 'Network Monitoring', 'Viewed bandwidth-usage', '2025-07-23 07:15:57'),
(1973, 5, 'Network Monitoring', 'Viewed user-sessions', '2025-07-23 07:15:59'),
(1974, 5, 'Network Monitoring', 'Viewed bandwidth-usage', '2025-07-23 07:16:01'),
(1975, 5, 'Network Monitoring', 'Viewed user-sessions', '2025-07-23 07:16:03'),
(1976, 5, 'Network Monitoring', 'Viewed user-sessions', '2025-07-23 07:17:09'),
(1977, 5, 'Network Monitoring', 'Viewed bandwidth-usage', '2025-07-23 07:17:11'),
(1978, 5, 'Network Monitoring', 'Viewed bandwidth-usage', '2025-07-23 07:17:25'),
(1979, 5, 'Network Monitoring', 'Viewed bandwidth-usage', '2025-07-23 07:18:21'),
(1980, 5, 'Network Monitoring', 'Viewed bandwidth-usage', '2025-07-23 07:18:23'),
(1981, 5, 'Network Monitoring', 'Viewed user-sessions', '2025-07-23 07:18:26'),
(1982, 5, 'Network Monitoring', 'Viewed bandwidth-usage', '2025-07-23 07:18:28'),
(1983, 5, 'Network Monitoring', 'Viewed bandwidth-usage', '2025-07-23 07:20:03'),
(1984, 5, 'Network Monitoring', 'Viewed user-sessions', '2025-07-23 07:20:05'),
(1985, 5, 'Network Monitoring', 'Viewed bandwidth-usage', '2025-07-23 07:20:06'),
(1986, 5, 'Network Monitoring', 'Viewed session-logs', '2025-07-23 07:20:08'),
(1987, 5, 'Network Monitoring', 'Viewed active-sessions', '2025-07-23 07:20:11'),
(1988, 5, 'Network Monitoring', 'Viewed user-sessions', '2025-07-23 07:20:12'),
(1989, 5, 'Bottle Deposits Access', 'Viewed bottle deposits list', '2025-07-23 07:20:19'),
(1990, 5, 'Network Monitoring', 'Viewed active-sessions', '2025-07-23 07:22:10'),
(1991, 5, 'Network Monitoring', 'Viewed session-logs', '2025-07-23 07:22:13'),
(1992, 5, 'Network Monitoring', 'Viewed user-sessions', '2025-07-23 07:22:15'),
(1993, 5, 'Network Monitoring', 'Viewed user-sessions', '2025-07-23 07:23:29'),
(1994, 5, 'Network Monitoring', 'Viewed session-logs', '2025-07-23 07:23:34'),
(1995, 5, 'Network Monitoring', 'Viewed active-sessions', '2025-07-23 07:23:36'),
(1996, 5, 'Network Monitoring', 'Viewed session-logs', '2025-07-23 07:23:40'),
(1997, 5, 'Network Monitoring', 'Viewed user-sessions', '2025-07-23 07:23:41'),
(1998, 5, 'Network Monitoring', 'Viewed user-sessions', '2025-07-23 07:24:28'),
(1999, 5, 'Network Monitoring', 'Viewed active-sessions', '2025-07-23 07:24:30'),
(2000, 5, 'Network Monitoring', 'Viewed active-sessions', '2025-07-23 07:25:08'),
(2001, 5, 'Network Monitoring', 'Viewed session-logs', '2025-07-23 07:25:11');
INSERT INTO `systemlog` (`log_id`, `admin_id`, `action`, `details`, `timestamp`) VALUES
(2002, 5, 'Vouchers Access', 'Viewed vouchers list', '2025-07-23 07:25:13'),
(2003, 5, 'Vouchers Access', 'Viewed vouchers list', '2025-07-23 07:25:18'),
(2004, 5, 'Bottle Deposits Access', 'Viewed bottle deposits list', '2025-07-23 07:25:18'),
(2005, 5, 'Vouchers Access', 'Viewed vouchers list', '2025-07-23 07:25:20'),
(2006, 5, 'Bottle Deposits Access', 'Viewed bottle deposits list', '2025-07-23 07:25:22'),
(2007, 5, 'Bins Access', 'Viewed trash bins list', '2025-07-23 07:25:23'),
(2008, 5, 'Network Monitoring', 'Viewed active-sessions', '2025-07-23 07:25:24'),
(2009, 5, 'Network Monitoring', 'Viewed bandwidth-usage', '2025-07-23 07:25:27'),
(2010, 5, 'Network Monitoring', 'Viewed user-sessions', '2025-07-23 07:25:29'),
(2011, 5, 'Network Monitoring', 'Viewed session-logs', '2025-07-23 07:25:34'),
(2012, 5, 'Network Monitoring', 'Viewed active-sessions', '2025-07-23 07:25:37'),
(2013, 5, 'Network Monitoring', 'Viewed active-sessions', '2025-07-23 07:26:05'),
(2014, 5, 'Network Monitoring', 'Viewed user-sessions', '2025-07-23 07:26:08'),
(2015, 5, 'Network Monitoring', 'Viewed active-sessions', '2025-07-23 07:26:11'),
(2016, 5, 'Dashboard Access', 'Accessed admin dashboard', '2025-07-23 07:26:11'),
(2017, 5, 'Network Monitoring', 'Viewed active-sessions', '2025-07-23 07:26:13'),
(2018, 5, 'Network Monitoring', 'Viewed session-logs', '2025-07-23 07:26:16'),
(2019, 5, 'Network Monitoring', 'Viewed user-sessions', '2025-07-23 07:26:17'),
(2020, 5, 'Network Monitoring', 'Viewed active-sessions', '2025-07-23 07:26:19'),
(2021, 5, 'Bottle Deposits Access', 'Viewed bottle deposits list', '2025-07-23 07:26:22'),
(2022, 5, 'Vouchers Access', 'Viewed vouchers list', '2025-07-23 07:26:25'),
(2023, 5, 'Network Monitoring', 'Viewed active-sessions', '2025-07-23 07:26:28'),
(2024, 5, 'Activity Logs', 'Viewed admin logs', '2025-07-23 07:26:32'),
(2025, 5, 'Dashboard Access', 'Accessed admin dashboard', '2025-07-23 07:26:34'),
(2026, 5, 'Dashboard Access', 'Accessed admin dashboard', '2025-07-23 07:31:03'),
(2027, 5, 'Dashboard Access', 'Accessed admin dashboard', '2025-07-23 07:33:30'),
(2028, 5, 'Dashboard Access', 'Accessed admin dashboard', '2025-07-23 07:35:13'),
(2029, 5, 'Profile Access', 'Accessed user profile', '2025-07-23 07:36:28'),
(2030, 5, 'Profile Access', 'Accessed user profile', '2025-07-23 07:36:41'),
(2031, 5, 'Settings Access', 'Accessed settings page', '2025-07-23 07:36:47'),
(2032, 5, 'Dashboard Access', 'Accessed admin dashboard', '2025-07-23 07:38:06'),
(2033, 5, 'Profile Access', 'Accessed user profile', '2025-07-23 07:38:09'),
(2034, 5, 'Settings Access', 'Accessed settings page', '2025-07-23 07:38:44'),
(2035, 5, 'Settings Access', 'Accessed settings page', '2025-07-23 07:40:35'),
(2036, 5, 'Profile Access', 'Accessed user profile', '2025-07-23 07:40:38'),
(2037, 5, 'Dashboard Access', 'Accessed admin dashboard', '2025-07-23 07:42:20'),
(2038, 5, 'Profile Access', 'Accessed user profile', '2025-07-23 07:42:25'),
(2039, 5, 'Dashboard Access', 'Accessed admin dashboard', '2025-07-23 07:42:37'),
(2040, 5, 'Bottle Deposits Access', 'Viewed bottle deposits list', '2025-07-23 07:42:38'),
(2041, 5, 'Vouchers Access', 'Viewed vouchers list', '2025-07-23 07:42:41'),
(2042, 5, 'Dashboard Access', 'Accessed admin dashboard', '2025-07-23 07:42:43'),
(2043, 5, 'Profile Access', 'Accessed user profile', '2025-07-23 07:42:46'),
(2044, 5, 'Profile Access', 'Accessed user profile', '2025-07-23 07:43:48'),
(2045, 5, 'Profile Access', 'Accessed user profile', '2025-07-23 07:44:05'),
(2046, 5, 'Profile Access', 'Accessed user profile', '2025-07-23 07:44:05'),
(2047, 5, 'Profile Access', 'Accessed user profile', '2025-07-23 07:44:14'),
(2048, 5, 'Profile Access', 'Accessed user profile', '2025-07-23 07:44:55'),
(2049, 5, 'Profile Access', 'Accessed user profile', '2025-07-23 07:45:12'),
(2050, 5, 'Profile Access', 'Accessed user profile', '2025-07-23 07:45:15'),
(2051, 5, 'Dashboard Access', 'Accessed admin dashboard', '2025-07-23 07:46:28'),
(2052, 5, 'Profile Access', 'Accessed user profile', '2025-07-23 07:46:33'),
(2053, 5, 'Dashboard Access', 'Accessed admin dashboard', '2025-07-23 07:46:35'),
(2054, 5, 'Bottle Deposits Access', 'Viewed bottle deposits list', '2025-07-23 07:46:38'),
(2055, 5, 'Vouchers Access', 'Viewed vouchers list', '2025-07-23 07:46:39'),
(2056, 5, 'Bottle Deposits Access', 'Viewed bottle deposits list', '2025-07-23 07:46:40'),
(2057, 5, 'Dashboard Access', 'Accessed admin dashboard', '2025-07-23 07:46:44'),
(2058, 5, 'Dashboard Access', 'Accessed admin dashboard', '2025-07-23 07:48:29'),
(2059, 5, 'Settings Access', 'Accessed settings page', '2025-07-23 07:48:35'),
(2060, 5, 'Dashboard Access', 'Accessed admin dashboard', '2025-07-23 07:48:40'),
(2061, 5, 'Bottle Deposits Access', 'Viewed bottle deposits list', '2025-07-23 07:48:44'),
(2062, 5, 'Bottle Deposits Access', 'Viewed bottle deposits list', '2025-07-23 07:48:50'),
(2063, 5, 'Bottle Deposits Access', 'Viewed bottle deposits list', '2025-07-23 07:48:53'),
(2064, 5, 'Bottle Deposits Access', 'Viewed bottle deposits list', '2025-07-23 07:49:06'),
(2065, 5, 'Bottle Deposits Access', 'Viewed bottle deposits list', '2025-07-23 07:49:18'),
(2066, 5, 'Bottle Deposits Access', 'Viewed bottle deposits list', '2025-07-23 07:49:20'),
(2067, 5, 'Bottle Deposits Access', 'Viewed bottle deposits list', '2025-07-23 07:49:23'),
(2068, 5, 'Vouchers Access', 'Viewed vouchers list', '2025-07-23 07:49:29'),
(2069, 5, 'Vouchers Access', 'Viewed vouchers list', '2025-07-23 07:49:36'),
(2070, 5, 'Vouchers Access', 'Viewed vouchers list', '2025-07-23 07:49:39'),
(2071, 5, 'Vouchers Access', 'Viewed vouchers list', '2025-07-23 07:49:43'),
(2072, 5, 'Vouchers Access', 'Viewed vouchers list', '2025-07-23 07:49:45'),
(2073, 5, 'Bins Access', 'Viewed trash bins list', '2025-07-23 07:49:47'),
(2074, 5, 'Network Monitoring', 'Viewed active-sessions', '2025-07-23 07:50:06'),
(2075, 5, 'Network Monitoring', 'Viewed session-logs', '2025-07-23 07:50:09'),
(2076, 5, 'Network Monitoring', 'Viewed user-sessions', '2025-07-23 07:50:10'),
(2077, 5, 'Network Monitoring', 'Viewed bandwidth-usage', '2025-07-23 07:50:12'),
(2078, 5, 'Admin Access', 'Viewed admins list', '2025-07-23 07:50:14'),
(2079, 5, 'Admin Update', 'granted admin rights to admin #4', '2025-07-23 07:50:19'),
(2080, 5, 'Admin Access', 'Viewed admins list', '2025-07-23 07:50:19'),
(2081, 5, 'Admin Update', 'revoked admin rights from admin #4', '2025-07-23 07:50:21'),
(2082, 5, 'Admin Access', 'Viewed admins list', '2025-07-23 07:50:21'),
(2083, 5, 'Activity Logs', 'Viewed admin logs', '2025-07-23 07:50:30'),
(2084, 5, 'Activity Logs', 'Viewed SMS logs', '2025-07-23 07:50:33'),
(2085, 5, 'Dashboard Access', 'Accessed admin dashboard', '2025-07-23 07:58:47'),
(2086, 5, 'Vouchers Access', 'Viewed vouchers list', '2025-07-23 07:58:50'),
(2087, 5, 'Vouchers Access', 'Viewed vouchers list', '2025-07-23 08:04:25'),
(2088, 5, 'Vouchers Access', 'Viewed vouchers list', '2025-07-23 08:05:39'),
(2089, 5, 'Vouchers Access', 'Viewed vouchers list', '2025-07-23 08:05:42'),
(2090, 5, 'Vouchers Access', 'Viewed vouchers list', '2025-07-23 08:06:08'),
(2091, 5, 'Vouchers Access', 'Viewed vouchers list', '2025-07-23 08:06:55'),
(2092, 5, 'Activity Logs', 'Viewed admin logs', '2025-07-23 08:07:16'),
(2093, 5, 'Activity Logs', 'Viewed SMS logs', '2025-07-23 08:07:18'),
(2094, 5, 'Network Monitoring', 'Viewed active-sessions', '2025-07-23 08:07:21'),
(2095, 5, 'Network Monitoring', 'Viewed session-logs', '2025-07-23 08:07:23'),
(2096, 5, 'Network Monitoring', 'Viewed user-sessions', '2025-07-23 08:07:27'),
(2097, 5, 'Network Monitoring', 'Viewed session-logs', '2025-07-23 08:07:32'),
(2098, 5, 'Network Monitoring', 'Viewed session-logs', '2025-07-23 08:07:32'),
(2099, 5, 'Network Monitoring', 'Viewed user-sessions', '2025-07-23 08:07:56'),
(2100, 5, 'Network Monitoring', 'Viewed session-logs', '2025-07-23 08:07:59'),
(2101, 5, 'Network Monitoring', 'Viewed active-sessions', '2025-07-23 08:07:59'),
(2102, 5, 'Bottle Deposits Access', 'Viewed bottle deposits list', '2025-07-23 08:08:01'),
(2103, 5, 'Bottle Deposits Access', 'Viewed bottle deposits list', '2025-07-23 08:08:01'),
(2104, 5, 'Deposit Added', 'Added a new bottle deposit of 1 bottles (Transaction ID: 21)', '2025-07-23 08:08:10'),
(2105, 5, 'Bottle Deposits Access', 'Viewed bottle deposits list', '2025-07-23 08:08:10'),
(2106, 5, 'Vouchers Access', 'Viewed vouchers list', '2025-07-23 08:08:56'),
(2107, 5, 'Settings Access', 'Accessed settings page', '2025-07-23 08:11:43'),
(2108, 5, 'Settings Access', 'Accessed settings page', '2025-07-23 08:11:54'),
(2109, 5, 'Bottle Deposits Access', 'Viewed bottle deposits list', '2025-07-23 08:11:56'),
(2110, 5, 'Deposit Added', 'Added a new bottle deposit of 1 bottles (Transaction ID: 22)', '2025-07-23 08:12:04'),
(2111, 5, 'Bottle Deposits Access', 'Viewed bottle deposits list', '2025-07-23 08:12:04'),
(2112, 5, 'Bottle Deposits Access', 'Viewed bottle deposits list', '2025-07-23 08:13:58'),
(2113, 5, 'Settings Access', 'Accessed settings page', '2025-07-23 08:14:03'),
(2114, 5, 'Settings Access', 'Accessed settings page', '2025-07-23 08:14:14'),
(2115, 5, 'Dashboard Access', 'Accessed admin dashboard', '2025-07-23 08:14:17'),
(2116, 5, 'Bottle Deposits Access', 'Viewed bottle deposits list', '2025-07-23 08:14:19'),
(2117, 5, 'Deposit Added', 'Added a new bottle deposit of 1 bottles (Transaction ID: 23)', '2025-07-23 08:14:26'),
(2118, 5, 'Bottle Deposits Access', 'Viewed bottle deposits list', '2025-07-23 08:14:26'),
(2119, 5, 'Bottle Deposits Access', 'Viewed bottle deposits list', '2025-07-23 08:15:19'),
(2120, 5, 'Deposit Added', 'Added a new bottle deposit of 1 bottles (Transaction ID: 24)', '2025-07-23 08:15:29'),
(2121, 5, 'Bottle Deposits Access', 'Viewed bottle deposits list', '2025-07-23 08:15:29'),
(2122, 5, 'Bottle Deposits Access', 'Viewed bottle deposits list', '2025-07-23 08:16:10'),
(2123, 5, 'Bottle Deposits Access', 'Viewed bottle deposits list', '2025-07-23 08:16:13'),
(2124, 5, 'Deposit Added', 'Added a new bottle deposit of 1 bottles (Transaction ID: 25)', '2025-07-23 08:16:21'),
(2125, 5, 'Bottle Deposits Access', 'Viewed bottle deposits list', '2025-07-23 08:16:21'),
(2126, 5, 'Bottle Deposits Access', 'Viewed bottle deposits list', '2025-07-23 08:18:59'),
(2127, 5, 'Deposit Added', 'Added a new bottle deposit of 1 bottles (Transaction ID: 26)', '2025-07-23 08:19:10'),
(2128, 5, 'Bottle Deposits Access', 'Viewed bottle deposits list', '2025-07-23 08:19:10'),
(2129, 5, 'Settings Access', 'Accessed settings page', '2025-07-23 08:19:18'),
(2130, 5, 'Dashboard Access', 'Accessed admin dashboard', '2025-07-23 08:19:20'),
(2131, 5, 'Bottle Deposits Access', 'Viewed bottle deposits list', '2025-07-23 08:19:27'),
(2132, 5, 'Vouchers Access', 'Viewed vouchers list', '2025-07-23 08:19:30'),
(2133, 5, 'Dashboard Access', 'Accessed admin dashboard', '2025-07-23 08:19:35'),
(2134, 5, 'Bottle Deposits Access', 'Viewed bottle deposits list', '2025-07-23 08:20:07'),
(2135, 5, 'Vouchers Access', 'Viewed vouchers list', '2025-07-23 08:20:08'),
(2136, 5, 'Bins Access', 'Viewed trash bins list', '2025-07-23 08:20:09'),
(2137, 5, 'Network Monitoring', 'Viewed active-sessions', '2025-07-23 08:20:11'),
(2138, 5, 'Network Monitoring', 'Viewed user-sessions', '2025-07-23 08:20:15'),
(2139, 5, 'Network Monitoring', 'Viewed session-logs', '2025-07-23 08:20:22'),
(2140, 5, 'Network Monitoring', 'Viewed active-sessions', '2025-07-23 08:20:24'),
(2141, 5, 'Dashboard Access', 'Accessed admin dashboard', '2025-07-23 11:36:20'),
(2142, 5, 'Dashboard Access', 'Accessed admin dashboard', '2025-07-23 11:45:57'),
(2143, 5, 'Network Monitoring', 'Viewed active-sessions', '2025-07-23 11:45:59'),
(2144, 5, 'Admin Access', 'Viewed admins list', '2025-07-23 11:46:01'),
(2145, 5, 'Dashboard Access', 'Accessed admin dashboard', '2025-07-23 11:46:02'),
(2146, 5, 'Activity Logs', 'Viewed admin logs', '2025-07-23 11:46:04'),
(2147, 5, 'Admin Access', 'Viewed admins list', '2025-07-23 11:46:06'),
(2148, 5, 'Network Monitoring', 'Viewed active-sessions', '2025-07-23 11:46:07'),
(2149, 5, 'Network Monitoring', 'Viewed bandwidth-usage', '2025-07-23 11:46:10'),
(2150, 5, 'Network Monitoring', 'Viewed user-sessions', '2025-07-23 11:46:16'),
(2151, 5, 'Network Monitoring', 'Viewed session-logs', '2025-07-23 11:46:17'),
(2152, 5, 'Network Monitoring', 'Viewed bandwidth-usage', '2025-07-23 11:46:18'),
(2153, 5, 'Network Monitoring', 'Viewed user-sessions', '2025-07-23 11:46:21'),
(2154, 5, 'Network Monitoring', 'Viewed session-logs', '2025-07-23 11:46:23'),
(2155, 5, 'Network Monitoring', 'Viewed active-sessions', '2025-07-23 11:46:24'),
(2156, 5, 'Network Monitoring', 'Viewed bandwidth-usage', '2025-07-23 11:46:25'),
(2157, 5, 'Settings Access', 'Accessed settings page', '2025-07-23 11:51:04'),
(2158, 5, 'Settings Access', 'Accessed settings page', '2025-07-23 11:51:29'),
(2159, 5, 'Network Monitoring', 'Viewed active-sessions', '2025-07-23 11:51:33'),
(2160, 5, 'Network Monitoring', 'Viewed bandwidth-usage', '2025-07-23 11:51:35'),
(2161, 5, 'Bins Access', 'Viewed trash bins list', '2025-07-23 11:52:38'),
(2162, 5, 'Network Monitoring', 'Viewed active-sessions', '2025-07-23 11:52:39'),
(2163, 5, 'Network Monitoring', 'Viewed user-sessions', '2025-07-23 11:53:20'),
(2164, 5, 'Network Monitoring', 'Viewed session-logs', '2025-07-23 11:53:22'),
(2165, 5, 'Network Monitoring', 'Viewed active-sessions', '2025-07-23 11:53:23'),
(2166, 5, 'Network Monitoring', 'Viewed session-logs', '2025-07-23 11:53:26'),
(2167, 5, 'Network Monitoring', 'Viewed user-sessions', '2025-07-23 11:53:31'),
(2168, 5, 'Network Monitoring', 'Viewed bandwidth-usage', '2025-07-23 11:53:33'),
(2169, 5, 'Network Monitoring', 'Viewed bandwidth-usage', '2025-07-23 12:03:25'),
(2170, 5, 'Network Monitoring', 'Viewed bandwidth-usage', '2025-07-23 12:15:41'),
(2171, 5, 'Network Monitoring', 'Viewed user-sessions', '2025-07-23 12:15:52'),
(2172, 5, 'Network Monitoring', 'Viewed active-sessions', '2025-07-23 12:15:53'),
(2173, 5, 'Network Monitoring', 'Viewed bandwidth-usage', '2025-07-23 12:15:55'),
(2174, 5, 'Network Monitoring', 'Viewed user-sessions', '2025-07-23 12:16:32'),
(2175, 5, 'Network Monitoring', 'Viewed session-logs', '2025-07-23 12:16:35'),
(2176, 5, 'Network Monitoring', 'Viewed active-sessions', '2025-07-23 12:16:36'),
(2177, 5, 'Network Monitoring', 'Viewed bandwidth-usage', '2025-07-23 12:17:14'),
(2178, 5, 'Network Monitoring', 'Viewed user-sessions', '2025-07-23 12:17:15'),
(2179, 5, 'Network Monitoring', 'Viewed session-logs', '2025-07-23 12:17:16'),
(2180, 5, 'Network Monitoring', 'Viewed active-sessions', '2025-07-23 12:17:19'),
(2181, 5, 'Network Monitoring', 'Viewed session-logs', '2025-07-23 12:17:20'),
(2182, 5, 'Network Monitoring', 'Viewed user-sessions', '2025-07-23 12:17:22'),
(2183, 5, 'Network Monitoring', 'Viewed bandwidth-usage', '2025-07-23 12:17:23'),
(2184, 5, 'Network Monitoring', 'Viewed user-sessions', '2025-07-23 12:17:28'),
(2185, 5, 'Network Monitoring', 'Viewed session-logs', '2025-07-23 12:17:30'),
(2186, 5, 'Network Monitoring', 'Viewed bandwidth-usage', '2025-07-23 12:17:32'),
(2187, 5, 'Network Monitoring', 'Viewed bandwidth-usage', '2025-07-23 12:20:18'),
(2188, 5, 'Dashboard Access', 'Accessed admin dashboard', '2025-07-23 12:20:20'),
(2189, 5, 'Bottle Deposits Access', 'Viewed bottle deposits list', '2025-07-23 12:20:21'),
(2190, 5, 'Vouchers Access', 'Viewed vouchers list', '2025-07-23 12:20:23'),
(2191, 5, 'Vouchers Access', 'Viewed vouchers list', '2025-07-23 12:20:24'),
(2192, 5, 'Network Monitoring', 'Viewed active-sessions', '2025-07-23 12:20:25'),
(2193, 5, 'Bins Access', 'Viewed trash bins list', '2025-07-23 12:20:28'),
(2194, 5, 'Vouchers Access', 'Viewed vouchers list', '2025-07-23 12:20:30'),
(2195, 5, 'Network Monitoring', 'Viewed active-sessions', '2025-07-23 12:24:36'),
(2196, 5, 'Network Monitoring', 'Viewed bandwidth-usage', '2025-07-23 12:24:37'),
(2197, 5, 'Bottle Deposits Access', 'Viewed bottle deposits list', '2025-07-23 12:24:42'),
(2198, 5, 'Admin Access', 'Viewed admins list', '2025-07-23 12:26:56'),
(2199, 5, 'Admin Access', 'Viewed admins list', '2025-07-23 12:26:58'),
(2200, 5, 'Activity Logs', 'Viewed admin logs', '2025-07-23 12:26:59'),
(2201, 5, 'Network Monitoring', 'Viewed active-sessions', '2025-07-23 12:27:00'),
(2202, 5, 'Network Monitoring', 'Viewed session-logs', '2025-07-23 12:27:03'),
(2203, 5, 'Network Monitoring', 'Viewed user-sessions', '2025-07-23 12:27:04'),
(2204, 5, 'Network Monitoring', 'Viewed user-sessions', '2025-07-23 12:27:06'),
(2205, 5, 'Network Monitoring', 'Viewed bandwidth-usage', '2025-07-23 12:27:09'),
(2206, 5, 'Network Monitoring', 'Viewed user-sessions', '2025-07-23 12:27:11'),
(2207, 5, 'Network Monitoring', 'Viewed session-logs', '2025-07-23 12:27:12'),
(2208, 5, 'Network Monitoring', 'Viewed active-sessions', '2025-07-23 12:27:13'),
(2209, 5, 'Network Monitoring', 'Viewed session-logs', '2025-07-23 12:28:24'),
(2210, 5, 'Network Monitoring', 'Viewed user-sessions', '2025-07-23 12:28:27'),
(2211, 5, 'Network Monitoring', 'Viewed bandwidth-usage', '2025-07-23 12:28:30'),
(2212, 5, 'Network Monitoring', 'Viewed user-sessions', '2025-07-23 12:28:31'),
(2213, 5, 'Network Monitoring', 'Viewed user-sessions', '2025-07-23 12:31:31'),
(2214, 5, 'Network Monitoring', 'Viewed bandwidth-usage', '2025-07-23 12:31:33'),
(2215, 5, 'Network Monitoring', 'Viewed bandwidth-usage', '2025-07-23 12:32:02'),
(2216, 5, 'Network Monitoring', 'Viewed bandwidth-usage', '2025-07-23 12:33:00'),
(2217, 5, 'Network Monitoring', 'Viewed bandwidth-usage', '2025-07-23 12:33:02'),
(2218, 5, 'Network Monitoring', 'Viewed bandwidth-usage', '2025-07-23 12:34:21'),
(2219, 5, 'Network Monitoring', 'Viewed bandwidth-usage', '2025-07-23 12:34:35'),
(2220, 5, 'Network Monitoring', 'Viewed user-sessions', '2025-07-23 12:35:00'),
(2221, 5, 'Network Monitoring', 'Viewed session-logs', '2025-07-23 12:35:02'),
(2222, 5, 'Settings Access', 'Accessed settings page', '2025-07-23 12:35:05'),
(2223, 5, 'Dashboard Access', 'Accessed admin dashboard', '2025-07-23 12:39:05'),
(2224, 5, 'Dashboard Access', 'Accessed admin dashboard', '2025-07-24 01:12:11'),
(2225, 5, 'Network Monitoring', 'Viewed active-sessions', '2025-07-24 01:12:15'),
(2226, 5, 'Network Monitoring', 'Viewed bandwidth-usage', '2025-07-24 01:12:16'),
(2227, 5, 'Network Monitoring', 'Viewed user-sessions', '2025-07-24 01:12:20'),
(2228, 5, 'Network Monitoring', 'Viewed active-sessions', '2025-07-24 01:12:26'),
(2229, 5, 'Network Monitoring', 'Viewed session-logs', '2025-07-24 01:12:27'),
(2230, 5, 'Network Monitoring', 'Viewed bandwidth-usage', '2025-07-24 01:12:30'),
(2231, 5, 'Network Monitoring', 'Viewed user-sessions', '2025-07-24 01:12:32'),
(2232, 5, 'Network Monitoring', 'Viewed active-sessions', '2025-07-24 01:12:34'),
(2233, 5, 'Network Monitoring', 'Viewed bandwidth-usage', '2025-07-24 01:12:39'),
(2234, 5, 'Network Monitoring', 'Viewed bandwidth-usage', '2025-07-24 01:20:17'),
(2235, 5, 'Network Monitoring', 'Viewed user-sessions', '2025-07-24 01:20:26'),
(2236, 5, 'Network Monitoring', 'Viewed session-logs', '2025-07-24 01:20:28'),
(2237, 5, 'Network Monitoring', 'Viewed active-sessions', '2025-07-24 01:20:29'),
(2238, 5, 'Network Monitoring', 'Viewed bandwidth-usage', '2025-07-24 01:20:31'),
(2239, 5, 'Network Monitoring', 'Viewed user-sessions', '2025-07-24 01:20:33'),
(2240, 5, 'Network Monitoring', 'Viewed session-logs', '2025-07-24 01:20:34'),
(2241, 5, 'Network Monitoring', 'Viewed bandwidth-usage', '2025-07-24 01:20:35'),
(2242, 5, 'Network Monitoring', 'Viewed active-sessions', '2025-07-24 01:20:59'),
(2243, 5, 'Network Monitoring', 'Viewed session-logs', '2025-07-24 01:21:00'),
(2244, 5, 'Network Monitoring', 'Viewed user-sessions', '2025-07-24 01:21:02'),
(2245, 5, 'Network Monitoring', 'Viewed bandwidth-usage', '2025-07-24 01:21:03'),
(2246, 5, 'Network Monitoring', 'Viewed session-logs', '2025-07-24 01:21:06'),
(2247, 5, 'Network Monitoring', 'Viewed bandwidth-usage', '2025-07-24 01:21:08'),
(2248, 5, 'Network Monitoring', 'Viewed user-sessions', '2025-07-24 01:21:17'),
(2249, 5, 'Network Monitoring', 'Viewed session-logs', '2025-07-24 01:21:18'),
(2250, 5, 'Network Monitoring', 'Viewed active-sessions', '2025-07-24 01:21:19'),
(2251, 5, 'Network Monitoring', 'Viewed bandwidth-usage', '2025-07-24 01:21:21'),
(2252, 5, 'Network Monitoring', 'Viewed user-sessions', '2025-07-24 01:21:23'),
(2253, 5, 'Network Monitoring', 'Viewed session-logs', '2025-07-24 01:21:25'),
(2254, 5, 'Network Monitoring', 'Viewed active-sessions', '2025-07-24 01:21:27'),
(2255, 5, 'Network Monitoring', 'Viewed bandwidth-usage', '2025-07-24 01:21:29'),
(2256, 5, 'Network Monitoring', 'Viewed user-sessions', '2025-07-24 01:22:15'),
(2257, 5, 'Network Monitoring', 'Viewed bandwidth-usage', '2025-07-24 01:22:16'),
(2258, 5, 'Network Monitoring', 'Viewed active-sessions', '2025-07-24 01:22:21'),
(2259, 5, 'Network Monitoring', 'Viewed session-logs', '2025-07-24 01:23:41'),
(2260, 5, 'Network Monitoring', 'Viewed user-sessions', '2025-07-24 01:23:43'),
(2261, 5, 'Network Monitoring', 'Viewed user-sessions', '2025-07-24 01:23:46'),
(2262, 5, 'Network Monitoring', 'Viewed active-sessions', '2025-07-24 01:23:47'),
(2263, 5, 'Network Monitoring', 'Viewed user-sessions', '2025-07-24 01:23:50'),
(2264, 5, 'Network Monitoring', 'Viewed active-sessions', '2025-07-24 01:23:54'),
(2265, 5, 'Network Monitoring', 'Viewed user-sessions', '2025-07-24 01:24:06'),
(2266, 5, 'Network Monitoring', 'Viewed user-sessions', '2025-07-24 01:24:06'),
(2267, 5, 'Network Monitoring', 'Viewed session-logs', '2025-07-24 01:24:08'),
(2268, 5, 'Network Monitoring', 'Viewed active-sessions', '2025-07-24 01:24:13'),
(2269, 5, 'Network Monitoring', 'Viewed bandwidth-usage', '2025-07-24 01:24:16'),
(2270, 5, 'Network Monitoring', 'Viewed session-logs', '2025-07-24 01:25:06'),
(2271, 5, 'Network Monitoring', 'Viewed user-sessions', '2025-07-24 01:25:11'),
(2272, 5, 'Network Monitoring', 'Viewed active-sessions', '2025-07-24 01:25:13'),
(2273, 5, 'Network Monitoring', 'Viewed session-logs', '2025-07-24 01:25:16'),
(2274, 5, 'Network Monitoring', 'Viewed bandwidth-usage', '2025-07-24 01:25:18'),
(2275, 5, 'Network Monitoring', 'Viewed bandwidth-usage', '2025-07-24 01:26:06'),
(2276, 5, 'Network Monitoring', 'Viewed user-sessions', '2025-07-24 01:26:09'),
(2277, 5, 'Network Monitoring', 'Viewed session-logs', '2025-07-24 01:26:10'),
(2278, 5, 'Network Monitoring', 'Viewed active-sessions', '2025-07-24 01:26:12'),
(2279, 5, 'Network Monitoring', 'Viewed session-logs', '2025-07-24 01:26:14'),
(2280, 5, 'Network Monitoring', 'Viewed user-sessions', '2025-07-24 01:26:19'),
(2281, 5, 'Network Monitoring', 'Viewed session-logs', '2025-07-24 01:26:20'),
(2282, 5, 'Network Monitoring', 'Viewed user-sessions', '2025-07-24 01:26:22'),
(2283, 5, 'Network Monitoring', 'Viewed active-sessions', '2025-07-24 01:26:23'),
(2284, 5, 'Network Monitoring', 'Viewed bandwidth-usage', '2025-07-24 01:26:25'),
(2285, 5, 'Network Monitoring', 'Viewed active-sessions', '2025-07-24 01:26:28'),
(2286, 5, 'Network Monitoring', 'Viewed active-sessions', '2025-07-24 01:27:03'),
(2287, 5, 'Network Monitoring', 'Viewed bandwidth-usage', '2025-07-24 01:27:05'),
(2288, 5, 'Bins Access', 'Viewed trash bins list', '2025-07-24 01:27:09'),
(2289, 5, 'Bin Added', 'Added new bin #7 (Janitor: 3)', '2025-07-24 01:27:29'),
(2290, 5, 'Bins Access', 'Viewed trash bins list', '2025-07-24 01:27:29'),
(2291, 5, 'Bin Added', 'Added new bin #8 (Janitor: 2)', '2025-07-24 01:27:39'),
(2292, 5, 'Bins Access', 'Viewed trash bins list', '2025-07-24 01:27:39'),
(2293, 5, 'Bins Access', 'Viewed trash bins list', '2025-07-24 01:30:14'),
(2294, 5, 'Bins Access', 'Viewed trash bins list', '2025-07-24 01:35:05'),
(2295, 5, 'Bins Access', 'Viewed trash bins list', '2025-07-24 01:35:06'),
(2296, 5, 'Bins Access', 'Viewed trash bins list', '2025-07-24 01:35:07'),
(2297, 5, 'Bins Access', 'Viewed trash bins list', '2025-07-24 01:35:59'),
(2298, 5, 'Bins Access', 'Viewed trash bins list', '2025-07-24 01:40:56'),
(2299, 5, 'Bins Access', 'Viewed trash bins list', '2025-07-24 01:41:58'),
(2300, 5, 'Bins Access', 'Viewed trash bins list', '2025-07-24 01:42:00'),
(2301, 5, 'Bins Access', 'Viewed trash bins list', '2025-07-24 01:42:44'),
(2302, 5, 'Bins Access', 'Viewed trash bins list', '2025-07-24 01:43:28'),
(2303, 5, 'Bins Access', 'Viewed trash bins list', '2025-07-24 01:47:21'),
(2304, 5, 'Bins Access', 'Viewed trash bins list', '2025-07-24 01:47:33'),
(2305, 5, 'Bins Access', 'Viewed trash bins list', '2025-07-24 01:47:46'),
(2306, 5, 'Bins Access', 'Viewed trash bins list', '2025-07-24 01:49:04'),
(2307, 5, 'Bins Access', 'Viewed trash bins list', '2025-07-24 01:49:12'),
(2308, 5, 'Bins Access', 'Viewed trash bins list', '2025-07-24 01:50:12'),
(2309, 5, 'Bins Access', 'Viewed trash bins list', '2025-07-24 01:50:20'),
(2310, 5, 'Dashboard Access', 'Accessed admin dashboard', '2025-07-24 01:54:50'),
(2311, 5, 'Bins Access', 'Viewed trash bins list', '2025-07-24 01:56:33'),
(2312, 5, 'Bins Access', 'Viewed trash bins list', '2025-07-24 01:56:55'),
(2313, 5, 'Bin Update', 'Updated bin #8 (Capacity: 12, Level: 0, Status: full, Janitor: 2)', '2025-07-24 02:01:32'),
(2314, 5, 'Bins Access', 'Viewed trash bins list', '2025-07-24 02:01:32'),
(2315, 5, 'Dashboard Access', 'Accessed admin dashboard', '2025-07-24 02:01:37'),
(2316, 5, 'Bins Access', 'Viewed trash bins list', '2025-07-24 02:01:39'),
(2317, 5, 'Bins Access', 'Viewed trash bins list', '2025-07-24 02:02:16'),
(2318, 5, 'Bin Deleted', 'Deleted bin #7', '2025-07-24 02:02:28'),
(2319, 5, 'Bins Access', 'Viewed trash bins list', '2025-07-24 02:02:28'),
(2320, 5, 'Bin Deleted', 'Deleted bin #8', '2025-07-24 02:02:31'),
(2321, 5, 'Bins Access', 'Viewed trash bins list', '2025-07-24 02:02:31'),
(2322, 5, 'Bin Update', 'Updated bin #1 (Capacity: 12, Level: 0, Status: full, Janitor: 1)', '2025-07-24 02:02:46'),
(2323, 5, 'Bins Access', 'Viewed trash bins list', '2025-07-24 02:02:46'),
(2324, 5, 'Bin Update', 'Updated bin #1 (Capacity: 12, Level: 0, Status: full, Janitor: 1)', '2025-07-24 02:03:02'),
(2325, 5, 'Bins Access', 'Viewed trash bins list', '2025-07-24 02:03:02'),
(2326, 5, 'Bin Added', 'Added new bin #9 (Janitor: 2)', '2025-07-24 02:03:14'),
(2327, 5, 'Bins Access', 'Viewed trash bins list', '2025-07-24 02:03:15'),
(2328, 5, 'Bin Added', 'Added new bin #10 (Janitor: 3)', '2025-07-24 02:03:22'),
(2329, 5, 'Bins Access', 'Viewed trash bins list', '2025-07-24 02:03:22'),
(2330, 5, 'Bins Access', 'Viewed trash bins list', '2025-07-24 02:03:47'),
(2331, 5, 'Bin Added', 'Added new bin #11 (Janitor: 1)', '2025-07-24 02:03:52'),
(2332, 5, 'Bins Access', 'Viewed trash bins list', '2025-07-24 02:03:52'),
(2333, 5, 'Bins Access', 'Viewed trash bins list', '2025-07-24 02:04:30'),
(2334, 5, 'Bin Added', 'Added new bin #12 (Janitor: 2)', '2025-07-24 02:04:36'),
(2335, 5, 'Bins Access', 'Viewed trash bins list', '2025-07-24 02:04:36'),
(2336, 5, 'Bins Access', 'Viewed trash bins list', '2025-07-24 02:05:36'),
(2337, 5, 'Bin Added', 'Added new bin #13 (Janitor: 1)', '2025-07-24 02:05:40'),
(2338, 5, 'Bins Access', 'Viewed trash bins list', '2025-07-24 02:05:40'),
(2339, 5, 'Bins Access', 'Viewed trash bins list', '2025-07-24 02:08:15'),
(2340, 5, 'Bin Added', 'Added new bin #14 (Janitor: 1)', '2025-07-24 02:08:18'),
(2341, 5, 'Bins Access', 'Viewed trash bins list', '2025-07-24 02:08:18'),
(2342, 5, 'Bins Access', 'Viewed trash bins list', '2025-07-24 02:09:24'),
(2343, 5, 'Bins Access', 'Viewed trash bins list', '2025-07-24 02:10:06'),
(2344, 5, 'Bin Added', 'Added new bin #1 (Janitor: 1)', '2025-07-24 02:10:10'),
(2345, 5, 'Bins Access', 'Viewed trash bins list', '2025-07-24 02:10:10'),
(2346, 5, 'Bin Added', 'Added new bin #2 (Janitor: 2)', '2025-07-24 02:10:18'),
(2347, 5, 'Bins Access', 'Viewed trash bins list', '2025-07-24 02:10:18'),
(2348, 5, 'Bin Added', 'Added new bin #3 (Janitor: 3)', '2025-07-24 02:10:24'),
(2349, 5, 'Bins Access', 'Viewed trash bins list', '2025-07-24 02:10:24'),
(2350, 5, 'Bins Access', 'Viewed trash bins list', '2025-07-24 02:12:25'),
(2351, 5, 'Bin Added', 'Added new bin #4 (Janitor: 3)', '2025-07-24 02:12:53'),
(2352, 5, 'Bins Access', 'Viewed trash bins list', '2025-07-24 02:12:54'),
(2353, 5, 'Bins Access', 'Viewed trash bins list', '2025-07-24 02:14:01'),
(2354, 5, 'Dashboard Access', 'Accessed admin dashboard', '2025-07-24 02:14:06'),
(2355, 5, 'Bins Access', 'Viewed trash bins list', '2025-07-24 02:14:11'),
(2356, 5, 'Bins Access', 'Viewed trash bins list', '2025-07-24 02:16:17'),
(2357, 5, 'Bins Access', 'Viewed trash bins list', '2025-07-24 02:16:18'),
(2358, 5, 'Bin Added', 'Added new bin #5 (Janitor: 1, Capacity: 10 kg)', '2025-07-24 02:16:24'),
(2359, 5, 'Bins Access', 'Viewed trash bins list', '2025-07-24 02:16:24'),
(2360, 5, 'Bins Access', 'Viewed trash bins list', '2025-07-24 02:18:42'),
(2361, 5, 'Bins Access', 'Viewed trash bins list', '2025-07-24 02:19:01'),
(2362, 5, 'Bins Access', 'Viewed trash bins list', '2025-07-24 02:21:30'),
(2363, 5, 'Bin Update', 'Updated bin #1 (Capacity: 10, Level: 75%, Status: full, Janitor: 1)', '2025-07-24 02:21:40'),
(2364, 5, 'Bins Access', 'Viewed trash bins list', '2025-07-24 02:21:40'),
(2365, 5, 'Bin Update', 'Updated bin #1 (Capacity: 10, Level: 75%, Status: partial, Janitor: 1)', '2025-07-24 02:22:06'),
(2366, 5, 'Bins Access', 'Viewed trash bins list', '2025-07-24 02:22:06'),
(2367, 5, 'Bins Access', 'Viewed trash bins list', '2025-07-24 02:22:10'),
(2368, 5, 'Bins Access', 'Viewed trash bins list', '2025-07-24 02:22:41'),
(2369, 5, 'Bins Access', 'Viewed trash bins list', '2025-07-24 02:22:43'),
(2370, 5, 'Bins Access', 'Viewed trash bins list', '2025-07-24 02:22:52'),
(2371, 5, 'Bins Access', 'Viewed trash bins list', '2025-07-24 02:24:07'),
(2372, 5, 'Bins Access', 'Viewed trash bins list', '2025-07-24 02:24:20'),
(2373, 5, 'Bins Access', 'Viewed trash bins list', '2025-07-24 02:25:39'),
(2374, 5, 'Bins Access', 'Viewed trash bins list', '2025-07-24 02:25:48'),
(2375, 5, 'Bin Update', 'Updated bin #1 (Capacity: 10, Level: 9%, Status: full, Janitor: 1)', '2025-07-24 02:26:55'),
(2376, 5, 'Bins Access', 'Viewed trash bins list', '2025-07-24 02:26:55'),
(2377, 5, 'Bins Access', 'Viewed trash bins list', '2025-07-24 02:27:21'),
(2378, 5, 'Bins Access', 'Viewed trash bins list', '2025-07-24 02:27:37'),
(2379, 5, 'Bins Access', 'Viewed trash bins list', '2025-07-24 02:27:46'),
(2380, 5, 'Bins Access', 'Viewed trash bins list', '2025-07-24 02:28:06'),
(2381, 5, 'Bins Access', 'Viewed trash bins list', '2025-07-24 02:28:18'),
(2382, 5, 'Bins Access', 'Viewed trash bins list', '2025-07-24 02:28:37'),
(2383, 5, 'Bins Access', 'Viewed trash bins list', '2025-07-24 02:29:35'),
(2384, 5, 'Bins Access', 'Viewed trash bins list', '2025-07-24 02:29:44'),
(2385, 5, 'Bins Access', 'Viewed trash bins list', '2025-07-24 02:30:38'),
(2386, 5, 'Bins Access', 'Viewed trash bins list', '2025-07-24 02:32:10'),
(2387, 5, 'Bins Access', 'Viewed trash bins list', '2025-07-24 02:35:57'),
(2388, 5, 'Bins Access', 'Viewed trash bins list', '2025-07-24 02:36:05'),
(2389, 5, 'Bins Access', 'Viewed trash bins list', '2025-07-24 02:37:09'),
(2390, 5, 'Bins Access', 'Viewed trash bins list', '2025-07-24 02:37:42'),
(2391, 5, 'Bins Access', 'Viewed trash bins list', '2025-07-24 02:37:51'),
(2392, 5, 'Bins Access', 'Viewed trash bins list', '2025-07-24 02:38:10'),
(2393, 5, 'Bins Access', 'Viewed trash bins list', '2025-07-24 02:38:24'),
(2394, 5, 'Bin Update', 'Updated bin #1 (Capacity: 10, Level: 9, Status: full, Janitor: 1)', '2025-07-24 02:39:02'),
(2395, 5, 'Bins Access', 'Viewed trash bins list', '2025-07-24 02:39:02'),
(2396, 5, 'Bin Update', 'Updated bin #1 (Capacity: 10, Level: 9.99, Status: full, Janitor: 1)', '2025-07-24 02:39:26'),
(2397, 5, 'Bins Access', 'Viewed trash bins list', '2025-07-24 02:39:26'),
(2398, 5, 'Bins Access', 'Viewed trash bins list', '2025-07-24 02:39:40'),
(2399, 5, 'Bins Access', 'Viewed trash bins list', '2025-07-24 02:46:24'),
(2400, 5, 'Bin Update', 'Updated bin #1 (Capacity: 10, Level: 9, Status: full, Janitor: 1)', '2025-07-24 02:46:34'),
(2401, 5, 'Bins Access', 'Viewed trash bins list', '2025-07-24 02:46:34'),
(2402, 5, 'Bins Access', 'Viewed trash bins list', '2025-07-24 02:48:52'),
(2403, 5, 'Bins Access', 'Viewed trash bins list', '2025-07-24 02:48:53'),
(2404, 5, 'Bin Update', 'Updated bin #1 (Capacity: 10, Level: 9, Status: full, Janitor: 1)', '2025-07-24 02:49:15'),
(2405, 5, 'Bins Access', 'Viewed trash bins list', '2025-07-24 02:49:15'),
(2406, 5, 'Bins Access', 'Viewed trash bins list', '2025-07-24 02:58:55'),
(2407, 5, 'Bin Update', 'Updated bin #1 (Capacity: 10, Level: 9, Status: full, Janitor: 1)', '2025-07-24 02:59:05'),
(2408, 5, 'Bins Access', 'Viewed trash bins list', '2025-07-24 02:59:05'),
(2409, 5, 'Bins Access', 'Viewed trash bins list', '2025-07-24 02:59:10'),
(2410, 5, 'Bin Update', 'Updated bin #1 (Capacity: 10, Level: 9, Status: full, Janitor: 1)', '2025-07-24 02:59:44'),
(2411, 5, 'Bins Access', 'Viewed trash bins list', '2025-07-24 02:59:44'),
(2412, 5, 'Bins Access', 'Viewed trash bins list', '2025-07-24 03:04:02'),
(2413, 5, 'Bin Update', 'Updated bin #1 (Capacity: 10, Level: 9 [90%], Status: full, Janitor: 1)', '2025-07-24 03:04:12'),
(2414, 5, 'Bins Access', 'Viewed trash bins list', '2025-07-24 03:04:12'),
(2415, 5, 'Bin Update', 'Updated bin #1 (Capacity: 10, Level: 9.9 [99%], Status: full, Janitor: 1)', '2025-07-24 03:05:04'),
(2416, 5, 'Bins Access', 'Viewed trash bins list', '2025-07-24 03:05:04'),
(2417, 5, 'Bins Access', 'Viewed trash bins list', '2025-07-24 03:05:21'),
(2418, 5, 'Bin Update', 'Updated bin #1 (Capacity: 10, Level: 10 [100%], Status: full, Janitor: 1)', '2025-07-24 03:05:35'),
(2419, 5, 'Bins Access', 'Viewed trash bins list', '2025-07-24 03:05:35'),
(2420, 5, 'Bins Access', 'Viewed trash bins list', '2025-07-24 03:06:16'),
(2421, 5, 'Bin Update', 'Updated bin #1 (Capacity: 10, Level: 1, Status: empty, Janitor: 1)', '2025-07-24 03:06:28'),
(2422, 5, 'Bins Access', 'Viewed trash bins list', '2025-07-24 03:06:28'),
(2423, 5, 'Bins Access', 'Viewed trash bins list', '2025-07-24 03:06:33'),
(2424, 5, 'Bins Access', 'Viewed trash bins list', '2025-07-24 03:10:25'),
(2425, 5, 'Bins Access', 'Viewed trash bins list', '2025-07-24 03:11:12'),
(2426, 5, 'Bin Update', 'Updated bin #1 (Capacity: 10, Level: 9, Status: full, Janitor: 1)', '2025-07-24 03:11:26'),
(2427, 5, 'Bins Access', 'Viewed trash bins list', '2025-07-24 03:11:26'),
(2428, 5, 'Bins Access', 'Viewed trash bins list', '2025-07-24 03:11:37'),
(2429, 5, 'Bins Access', 'Viewed trash bins list', '2025-07-24 03:13:51'),
(2430, 5, 'Bins Access', 'Viewed trash bins list', '2025-07-24 03:13:52'),
(2431, 5, 'Bin Update', 'Updated bin #1 (Capacity: 10, Percentage Level: 90%, Status: full, Janitor: 1)', '2025-07-24 03:14:05'),
(2432, 5, 'Bins Access', 'Viewed trash bins list', '2025-07-24 03:14:05'),
(2433, 5, 'Bin Update', 'Updated bin #1 (Capacity: 10, Percentage Level: 90%, Status: full, Janitor: 1)', '2025-07-24 03:14:16'),
(2434, 5, 'Bins Access', 'Viewed trash bins list', '2025-07-24 03:14:16'),
(2435, 5, 'Bins Access', 'Viewed trash bins list', '2025-07-24 03:19:55'),
(2436, 5, 'Bins Access', 'Viewed trash bins list', '2025-07-24 03:20:27'),
(2437, 5, 'Bins Access', 'Viewed trash bins list', '2025-07-24 03:21:36'),
(2438, 5, 'Bins Access', 'Viewed trash bins list', '2025-07-24 03:21:41'),
(2439, 5, 'Bins Access', 'Viewed trash bins list', '2025-07-24 03:22:29'),
(2440, 5, 'Bin Update', 'Updated bin #1 (Capacity: 10, Percentage Level: 90%, Status: full, Janitor: 1)', '2025-07-24 03:22:35'),
(2441, 5, 'Bins Access', 'Viewed trash bins list', '2025-07-24 03:22:35'),
(2442, 5, 'Bins Access', 'Viewed trash bins list', '2025-07-24 03:22:46'),
(2443, 5, 'Bin Update', 'Updated bin #2 (Capacity: 10, Percentage Level: 60%, Status: partial, Janitor: 2)', '2025-07-24 03:22:55'),
(2444, 5, 'Bins Access', 'Viewed trash bins list', '2025-07-24 03:22:55'),
(2445, 5, 'Bin Update', 'Updated bin #3 (Capacity: 10, Percentage Level: 30%, Status: empty, Janitor: 3)', '2025-07-24 03:23:08'),
(2446, 5, 'Bins Access', 'Viewed trash bins list', '2025-07-24 03:23:08'),
(2447, 5, 'Bin Update', 'Updated bin #4 (Capacity: 10, Percentage Level: 0%, Status: empty, Janitor: 3)', '2025-07-24 03:23:15'),
(2448, 5, 'Bins Access', 'Viewed trash bins list', '2025-07-24 03:23:15'),
(2449, 5, 'Bin Update', 'Updated bin #5 (Capacity: 10, Percentage Level: 0%, Status: empty, Janitor: 1)', '2025-07-24 03:23:23'),
(2450, 5, 'Bins Access', 'Viewed trash bins list', '2025-07-24 03:23:23'),
(2451, 5, 'Bins Access', 'Viewed trash bins list', '2025-07-24 03:23:59'),
(2452, 5, 'Bin Deleted', 'Deleted bin #5', '2025-07-24 03:24:07'),
(2453, 5, 'Bins Access', 'Viewed trash bins list', '2025-07-24 03:24:07'),
(2454, 5, 'Bin Added', 'Added new bin #6 (Capacity: 10, Initial Level: 0%, Status: empty, Janitor: 1)', '2025-07-24 03:24:16'),
(2455, 5, 'Bins Access', 'Viewed trash bins list', '2025-07-24 03:24:16'),
(2456, 5, 'Bin Update', 'Updated bin #6 (Capacity: 10, Percentage Level: 75%, Status: empty, Janitor: 1)', '2025-07-24 03:24:27'),
(2457, 5, 'Bins Access', 'Viewed trash bins list', '2025-07-24 03:24:27'),
(2458, 5, 'Bins Access', 'Viewed trash bins list', '2025-07-24 03:24:50'),
(2459, 5, 'Bins Access', 'Viewed trash bins list', '2025-07-24 03:25:05'),
(2460, 5, 'Bins Access', 'Viewed trash bins list', '2025-07-24 03:25:14'),
(2461, 5, 'Bins Access', 'Viewed trash bins list', '2025-07-24 03:26:06'),
(2462, 5, 'Bins Access', 'Viewed trash bins list', '2025-07-24 03:26:09'),
(2463, 5, 'Bin Deleted', 'Deleted bin #4', '2025-07-24 03:26:15'),
(2464, 5, 'Bins Access', 'Viewed trash bins list', '2025-07-24 03:26:15'),
(2465, 5, 'Bin Deleted', 'Deleted bin #3', '2025-07-24 03:26:24'),
(2466, 5, 'Bins Access', 'Viewed trash bins list', '2025-07-24 03:26:24'),
(2467, 5, 'Bin Deleted', 'Deleted bin #1', '2025-07-24 03:26:27'),
(2468, 5, 'Bins Access', 'Viewed trash bins list', '2025-07-24 03:26:27'),
(2469, 5, 'Bin Deleted', 'Deleted bin #6', '2025-07-24 03:26:30'),
(2470, 5, 'Bins Access', 'Viewed trash bins list', '2025-07-24 03:26:30'),
(2471, 5, 'Bin Deleted', 'Deleted bin #2', '2025-07-24 03:26:32'),
(2472, 5, 'Bins Access', 'Viewed trash bins list', '2025-07-24 03:26:32'),
(2473, 5, 'Bin Added', 'Added new bin #7 (Janitor: 1)', '2025-07-24 03:26:37'),
(2474, 5, 'Bins Access', 'Viewed trash bins list', '2025-07-24 03:26:37'),
(2475, 5, 'Bins Access', 'Viewed trash bins list', '2025-07-24 03:26:45'),
(2476, 5, 'Bin Deleted', 'Deleted bin #7', '2025-07-24 03:26:50'),
(2477, 5, 'Bins Access', 'Viewed trash bins list', '2025-07-24 03:26:50'),
(2478, 5, 'Bins Access', 'Viewed trash bins list', '2025-07-24 03:27:19'),
(2479, 5, 'Bin Added', 'Added new bin #8 (Janitor: 2)', '2025-07-24 03:27:26'),
(2480, 5, 'Bins Access', 'Viewed trash bins list', '2025-07-24 03:27:26'),
(2481, 5, 'Bins Access', 'Viewed trash bins list', '2025-07-24 03:27:33'),
(2482, 5, 'Bins Access', 'Viewed trash bins list', '2025-07-24 03:28:05'),
(2483, 5, 'Bins Access', 'Viewed trash bins list', '2025-07-24 03:28:13'),
(2484, 5, 'Bin Update', 'Updated bin #8 (Capacity: 10, Level: 90%, Status: full, Janitor: 2)', '2025-07-24 03:34:05'),
(2485, 5, 'Bin Added', 'Added new bin #9 (Janitor: 2)', '2025-07-24 03:34:18'),
(2486, 5, 'Bin Update', 'Updated bin #9 (Capacity: 10, Level: 90%, Status: full, Janitor: 2)', '2025-07-24 03:34:41'),
(2487, 5, 'Bin Update', 'Updated bin #9 (Capacity: 10, Level: 90%, Status: partial, Janitor: 2)', '2025-07-24 03:34:55'),
(2488, 5, 'Bin Update', 'Updated bin #9 (Capacity: 10, Level: 60%, Status: partial, Janitor: 2)', '2025-07-24 03:35:12'),
(2489, 5, 'Bin Added', 'Added new bin #10 (Janitor: 3)', '2025-07-24 03:35:28'),
(2490, 5, 'Bin Update', 'Updated bin #10 (Capacity: 10, Level: 30%, Status: empty, Janitor: 3)', '2025-07-24 03:35:43'),
(2491, 5, 'Bin Added', 'Added new bin #11 (Janitor: 1)', '2025-07-24 03:35:50'),
(2492, 5, 'Bin Update', 'Updated bin #11 (Capacity: 10, Level: 0%, Status: empty, Janitor: 1)', '2025-07-24 03:35:57'),
(2493, 5, 'Bin Emptied', 'Bin #8 emptied. Previous level: 90%.', '2025-07-24 03:39:24'),
(2494, 5, 'Bins Access', 'Viewed trash bins list', '2025-07-24 04:01:28'),
(2495, 5, 'Bin Update', 'Updated bin #8 (Capacity: 10, Level: 99.99%, Status: full, Janitor: 2)', '2025-07-24 04:02:12'),
(2496, 5, 'Bins Access', 'Viewed trash bins list', '2025-07-24 04:02:12'),
(2497, 5, 'Bins Access', 'Viewed trash bins list', '2025-07-24 07:14:02'),
(2498, 5, 'Bins Access', 'Viewed trash bins list', '2025-07-24 07:14:04'),
(2499, 5, 'Bottle Deposits Access', 'Viewed bottle deposits list', '2025-07-24 07:14:08'),
(2500, 5, 'Dashboard Access', 'Accessed admin dashboard', '2025-07-24 07:14:10'),
(2501, 5, 'Bins Access', 'Viewed trash bins list', '2025-07-24 07:14:12'),
(2502, 5, 'Vouchers Access', 'Viewed vouchers list', '2025-07-24 07:14:15'),
(2503, 5, 'Bins Access', 'Viewed trash bins list', '2025-07-24 07:14:39'),
(2504, 5, 'Network Monitoring', 'Viewed active-sessions', '2025-07-24 07:14:42'),
(2505, 5, 'Admin Access', 'Viewed admins list', '2025-07-24 07:14:43'),
(2506, 5, 'Activity Logs', 'Viewed admin logs', '2025-07-24 07:14:46'),
(2507, 5, 'Activity Logs', 'Viewed SMS logs', '2025-07-24 07:14:48'),
(2508, 5, 'Activity Logs', 'Viewed admin logs', '2025-07-24 07:14:50'),
(2509, 5, 'Dashboard Access', 'Accessed admin dashboard', '2025-07-24 07:15:00'),
(2510, 5, 'Bottle Deposits Access', 'Viewed bottle deposits list', '2025-07-24 07:15:01'),
(2511, 5, 'Bottle Deposits Access', 'Viewed bottle deposits list', '2025-07-24 07:15:15'),
(2512, 5, 'Vouchers Access', 'Viewed vouchers list', '2025-07-24 07:15:36'),
(2513, 5, 'Bins Access', 'Viewed trash bins list', '2025-07-24 07:15:37'),
(2514, 5, 'Bins Access', 'Viewed trash bins list', '2025-07-24 07:22:18'),
(2515, 5, 'Bins Access', 'Viewed trash bins list', '2025-07-24 07:23:19'),
(2516, 5, 'Bin Emptied', 'Bin #8 emptied. Previous level: 99.99%.', '2025-07-24 07:23:47'),
(2517, 5, 'Bins Access', 'Viewed trash bins list', '2025-07-24 07:23:47'),
(2518, 5, 'Bin Emptied', 'Bin #9 emptied. Previous level: 60%.', '2025-07-24 07:23:58'),
(2519, 5, 'Bins Access', 'Viewed trash bins list', '2025-07-24 07:23:58'),
(2520, 5, 'Bin Emptied', 'Bin #10 emptied. Previous level: 30%.', '2025-07-24 07:24:12'),
(2521, 5, 'Bins Access', 'Viewed trash bins list', '2025-07-24 07:24:12'),
(2522, 5, 'Bin Update', 'Updated bin #8 (Capacity: 10, Level: 10%, Status: empty, Janitor: 2)', '2025-07-24 07:24:25'),
(2523, 5, 'Bins Access', 'Viewed trash bins list', '2025-07-24 07:24:25'),
(2524, 5, 'Bin Emptied', 'Bin #8 emptied. Previous level: 10%.', '2025-07-24 07:24:44'),
(2525, 5, 'Bins Access', 'Viewed trash bins list', '2025-07-24 07:24:44'),
(2526, 5, 'Bins Access', 'Viewed trash bins list', '2025-07-24 07:26:06'),
(2527, 5, 'Network Monitoring', 'Viewed active-sessions', '2025-07-24 07:26:07'),
(2528, 5, 'Network Monitoring', 'Viewed bandwidth-usage', '2025-07-24 07:26:09'),
(2529, 5, 'Dashboard Access', 'Accessed admin dashboard', '2025-07-24 07:26:15'),
(2530, 5, 'Bottle Deposits Access', 'Viewed bottle deposits list', '2025-07-24 07:26:17'),
(2531, 5, 'Vouchers Access', 'Viewed vouchers list', '2025-07-24 07:26:29'),
(2532, 5, 'Bottle Deposits Access', 'Viewed bottle deposits list', '2025-07-24 07:26:35'),
(2533, 5, 'Vouchers Access', 'Viewed vouchers list', '2025-07-24 07:26:38'),
(2534, 5, 'Voucher Settings Updated', 'Updated default voucher duration to 0 days, 1 hours, 0 minutes', '2025-07-24 07:27:43'),
(2535, 5, 'Vouchers Access', 'Viewed vouchers list', '2025-07-24 07:27:44'),
(2536, 5, 'Voucher Settings Updated', 'Updated default voucher duration to 0 days, 2 hours, 0 minutes', '2025-07-24 07:27:56'),
(2537, 5, 'Vouchers Access', 'Viewed vouchers list', '2025-07-24 07:27:56'),
(2538, 5, 'Dashboard Access', 'Accessed admin dashboard', '2025-07-24 07:37:33'),
(2539, 5, 'Vouchers Access', 'Viewed vouchers list', '2025-07-24 07:37:39'),
(2540, 5, 'Bins Access', 'Viewed trash bins list', '2025-07-24 07:37:41'),
(2541, 5, 'Admin Access', 'Viewed admins list', '2025-07-24 07:37:42'),
(2542, 5, 'Activity Logs', 'Viewed admin logs', '2025-07-24 07:37:43'),
(2543, 5, 'Admin Access', 'Viewed admins list', '2025-07-24 07:37:46');

-- --------------------------------------------------------

--
-- Table structure for table `transactions`
--

CREATE TABLE `transactions` (
  `transaction_id` int(11) NOT NULL,
  `user_id` int(11) NOT NULL,
  `bottle_count` int(11) NOT NULL,
  `time_credits_earned` decimal(10,0) NOT NULL,
  `created_at` timestamp NULL DEFAULT current_timestamp()
) ENGINE=InnoDB DEFAULT CHARSET=utf8mb4 COLLATE=utf8mb4_general_ci;

--
-- Dumping data for table `transactions`
--

INSERT INTO `transactions` (`transaction_id`, `user_id`, `bottle_count`, `time_credits_earned`, `created_at`) VALUES
(1, 1, 10, 5, '2025-07-20 08:11:22'),
(2, 2, 20, 10, '2025-07-20 08:11:22'),
(3, 1, 5, 2, '2025-07-20 08:11:22'),
(5, 1, 2, 12, '2025-07-22 05:49:10'),
(6, 1, 2, 12, '2025-07-23 05:04:31'),
(7, 1, 1, 6, '2025-07-23 05:06:27'),
(8, 1, 2, 12, '2025-07-23 05:06:37'),
(9, 1, 1, 6, '2025-07-23 05:31:14'),
(10, 1, 2, 12, '2025-07-23 05:31:33'),
(11, 1, 3, 18, '2025-07-23 05:34:27'),
(19, 1, 2, 12, '2025-07-23 05:51:45'),
(20, 1, 5, 30, '2025-07-23 05:52:03'),
(21, 1, 1, 6, '2025-07-23 08:08:10'),
(22, 1, 1, 6, '2025-07-23 08:12:04'),
(23, 1, 1, 6, '2025-07-23 08:14:26'),
(24, 1, 1, 6, '2025-07-23 08:15:29'),
(25, 1, 1, 6, '2025-07-23 08:16:21'),
(26, 1, 1, 2, '2025-07-23 08:19:10');

-- --------------------------------------------------------

--
-- Table structure for table `trashbin`
--

CREATE TABLE `trashbin` (
  `trashbin_id` int(11) NOT NULL,
  `janitor_id` int(11) NOT NULL,
  `status` enum('empty','partial','full') NOT NULL,
  `fill_level_percent` decimal(10,2) NOT NULL,
  `capacity` decimal(10,2) NOT NULL DEFAULT 0.00,
  `last_emptied_at` timestamp NULL DEFAULT NULL
) ENGINE=InnoDB DEFAULT CHARSET=utf8mb4 COLLATE=utf8mb4_general_ci;

--
-- Dumping data for table `trashbin`
--

INSERT INTO `trashbin` (`trashbin_id`, `janitor_id`, `status`, `fill_level_percent`, `capacity`, `last_emptied_at`) VALUES
(8, 2, 'empty', 0.00, 10.00, '2025-07-24 07:24:44'),
(9, 2, 'empty', 0.00, 10.00, '2025-07-24 07:23:58'),
(10, 3, 'empty', 0.00, 10.00, '2025-07-24 07:24:12'),
(11, 1, 'empty', 0.00, 10.00, NULL);

-- --------------------------------------------------------

--
-- Table structure for table `user`
--

CREATE TABLE `user` (
  `user_id` int(11) NOT NULL,
  `mac_address` varchar(17) NOT NULL,
  `time_credits` decimal(10,2) DEFAULT 0.00,
  `last_active` timestamp NULL DEFAULT NULL,
  `created_at` timestamp NULL DEFAULT current_timestamp()
) ENGINE=InnoDB DEFAULT CHARSET=utf8mb4 COLLATE=utf8mb4_general_ci;

--
-- Dumping data for table `user`
--

INSERT INTO `user` (`user_id`, `mac_address`, `time_credits`, `last_active`, `created_at`) VALUES
(1, '00:1A:2B:3C:4D:5E', 15.50, '2025-07-20 09:11:22', '2025-07-20 09:11:22'),
(2, 'AA:BB:CC:DD:EE:FF', 20.00, '2025-07-20 09:11:22', '2025-07-20 09:11:22'),
(19, '11:22:33:44:55:66', 0.00, '2025-07-23 12:15:05', '2025-06-01 04:00:00'),
(20, '99:88:77:66:55:44', 90.00, '2025-07-21 03:20:30', '2024-09-10 08:00:00');

-- --------------------------------------------------------

--
-- Table structure for table `usersessions`
--

CREATE TABLE `usersessions` (
  `session_id` int(11) NOT NULL,
  `user_id` int(11) NOT NULL,
  `ip_address` varchar(45) NOT NULL,
  `start_time` timestamp NULL DEFAULT current_timestamp(),
  `end_time` timestamp NULL DEFAULT NULL,
  `duration_minutes` decimal(10,2) DEFAULT NULL,
  `voucher_id` int(11) DEFAULT NULL
) ENGINE=InnoDB DEFAULT CHARSET=utf8mb4 COLLATE=utf8mb4_general_ci;

--
-- Dumping data for table `usersessions`
--

INSERT INTO `usersessions` (`session_id`, `user_id`, `ip_address`, `start_time`, `end_time`, `duration_minutes`, `voucher_id`) VALUES
(1, 1, '192.168.1.100', '2025-07-20 02:00:00', '2025-07-20 02:30:00', 30.00, NULL),
(2, 2, '10.0.0.5', '2025-07-20 03:15:00', NULL, NULL, NULL),
(3, 1, '192.168.1.101', '2025-07-20 04:00:00', '2025-07-20 04:45:00', 45.00, NULL);

-- --------------------------------------------------------

--
-- Table structure for table `voucher`
--

CREATE TABLE `voucher` (
  `voucher_id` int(11) NOT NULL,
  `transaction_id` int(11) NOT NULL,
  `voucher_code` varchar(255) NOT NULL,
  `expiration` timestamp NOT NULL,
  `status` enum('unused','used','expired') NOT NULL DEFAULT 'unused',
  `time_credits_value` decimal(10,0) NOT NULL,
  `redeemed_by` int(11) DEFAULT NULL,
  `redeemed_at` timestamp NULL DEFAULT NULL
) ENGINE=InnoDB DEFAULT CHARSET=utf8mb4 COLLATE=utf8mb4_general_ci;

--
-- Dumping data for table `voucher`
--

INSERT INTO `voucher` (`voucher_id`, `transaction_id`, `voucher_code`, `expiration`, `status`, `time_credits_value`, `redeemed_by`, `redeemed_at`) VALUES
(1, 1, 'VOUCHER123', '0000-00-00 00:00:00', 'used', 0, 1, '2025-07-20 09:11:22'),
(2, 2, 'CODE456', '2000-01-19 16:00:00', 'unused', 0, NULL, NULL),
(3, 1, 'TEST789', '0000-00-00 00:00:00', 'expired', 0, NULL, '2025-07-15 07:00:00'),
(4, 5, '9d569d1a19', '0000-00-00 00:00:00', 'unused', 0, NULL, NULL),
(5, 5, 'a4e07155ef', '0000-00-00 00:00:00', 'unused', 0, NULL, NULL),
(6, 6, 'f701d471d1', '0000-00-00 00:00:00', 'unused', 0, NULL, NULL),
(7, 6, 'a754002023', '0000-00-00 00:00:00', 'unused', 0, NULL, NULL),
(8, 7, 'ca5c309de0', '0000-00-00 00:00:00', 'unused', 0, NULL, NULL),
(9, 8, 'af19be9f29', '0000-00-00 00:00:00', 'unused', 0, NULL, NULL),
(10, 8, 'e15ad80acd', '0000-00-00 00:00:00', 'unused', 0, NULL, NULL),
(11, 9, '04907dd187', '2025-07-23 05:37:14', 'unused', 0, NULL, NULL),
(12, 10, '03f85bdfc4', '2025-07-23 05:37:33', 'unused', 0, NULL, NULL),
(13, 10, '270f66a504', '2025-07-23 05:37:33', 'unused', 0, NULL, NULL),
(14, 11, 'ebd5e642d0', '2025-07-23 05:40:27', 'unused', 0, NULL, NULL),
(15, 11, '3c4a4a7b4d', '2025-07-23 05:40:27', 'unused', 0, NULL, NULL),
(16, 11, '66c91949f5', '2025-07-23 05:40:27', 'unused', 0, NULL, NULL),
(17, 19, '7c068c0630', '2025-07-23 06:03:45', 'unused', 12, NULL, NULL),
(18, 20, '5712923130', '2025-07-23 06:22:03', 'unused', 30, NULL, NULL),
(19, 21, '081d8d8692', '2025-07-23 08:14:10', 'unused', 6, NULL, NULL),
(20, 22, 'f1befb3878', '2025-07-23 08:18:04', 'unused', 6, NULL, NULL),
(21, 23, '897716d69f', '2025-07-23 08:20:26', 'unused', 6, NULL, NULL),
(22, 24, 'c47c75afd4', '2025-07-23 08:21:29', 'unused', 6, NULL, NULL),
(23, 25, 'c75b5d8311', '2025-07-23 08:22:21', 'unused', 6, NULL, NULL),
(24, 26, '2d8e12e770', '2025-07-23 08:21:10', 'unused', 2, NULL, NULL);

--
-- Indexes for dumped tables
--

--
-- Indexes for table `admin`
--
ALTER TABLE `admin`
  ADD PRIMARY KEY (`admin_id`),
  ADD UNIQUE KEY `username` (`username`),
  ADD UNIQUE KEY `email` (`email`);

--
-- Indexes for table `bandwidth_usage`
--
ALTER TABLE `bandwidth_usage`
  ADD PRIMARY KEY (`user_id`),
  ADD KEY `Device_MAC_Address` (`Device_MAC_Address`);

--
-- Indexes for table `janitor`
--
ALTER TABLE `janitor`
  ADD PRIMARY KEY (`janitor_id`),
  ADD UNIQUE KEY `contact_number` (`contact_number`);

--
-- Indexes for table `settings`
--
ALTER TABLE `settings`
  ADD PRIMARY KEY (`settings_id`),
  ADD UNIQUE KEY `setting_key` (`setting_key`),
  ADD KEY `admin_id` (`admin_id`);

--
-- Indexes for table `smslog`
--
ALTER TABLE `smslog`
  ADD PRIMARY KEY (`sms_log_id`),
  ADD KEY `admin_id` (`admin_id`);

--
-- Indexes for table `systemlog`
--
ALTER TABLE `systemlog`
  ADD PRIMARY KEY (`log_id`),
  ADD KEY `admin_id` (`admin_id`);

--
-- Indexes for table `transactions`
--
ALTER TABLE `transactions`
  ADD PRIMARY KEY (`transaction_id`),
  ADD KEY `user_id` (`user_id`);

--
-- Indexes for table `trashbin`
--
ALTER TABLE `trashbin`
  ADD PRIMARY KEY (`trashbin_id`),
  ADD KEY `janitor_id` (`janitor_id`);

--
-- Indexes for table `user`
--
ALTER TABLE `user`
  ADD PRIMARY KEY (`user_id`),
  ADD UNIQUE KEY `mac_address` (`mac_address`);

--
-- Indexes for table `usersessions`
--
ALTER TABLE `usersessions`
  ADD PRIMARY KEY (`session_id`),
  ADD KEY `user_id` (`user_id`),
  ADD KEY `fk_user_sessions_voucher` (`voucher_id`);

--
-- Indexes for table `voucher`
--
ALTER TABLE `voucher`
  ADD PRIMARY KEY (`voucher_id`),
  ADD UNIQUE KEY `voucher_code` (`voucher_code`),
  ADD KEY `transaction_id` (`transaction_id`),
  ADD KEY `redeemed_by` (`redeemed_by`);

--
-- AUTO_INCREMENT for dumped tables
--

--
-- AUTO_INCREMENT for table `admin`
--
ALTER TABLE `admin`
  MODIFY `admin_id` int(11) NOT NULL AUTO_INCREMENT, AUTO_INCREMENT=6;

--
-- AUTO_INCREMENT for table `janitor`
--
ALTER TABLE `janitor`
  MODIFY `janitor_id` int(11) NOT NULL AUTO_INCREMENT, AUTO_INCREMENT=4;

--
-- AUTO_INCREMENT for table `settings`
--
ALTER TABLE `settings`
  MODIFY `settings_id` int(11) NOT NULL AUTO_INCREMENT, AUTO_INCREMENT=15;

--
-- AUTO_INCREMENT for table `smslog`
--
ALTER TABLE `smslog`
  MODIFY `sms_log_id` int(11) NOT NULL AUTO_INCREMENT, AUTO_INCREMENT=4;

--
-- AUTO_INCREMENT for table `systemlog`
--
ALTER TABLE `systemlog`
  MODIFY `log_id` int(11) NOT NULL AUTO_INCREMENT, AUTO_INCREMENT=2544;

--
-- AUTO_INCREMENT for table `transactions`
--
ALTER TABLE `transactions`
  MODIFY `transaction_id` int(11) NOT NULL AUTO_INCREMENT, AUTO_INCREMENT=27;

--
-- AUTO_INCREMENT for table `trashbin`
--
ALTER TABLE `trashbin`
  MODIFY `trashbin_id` int(11) NOT NULL AUTO_INCREMENT, AUTO_INCREMENT=12;

--
-- AUTO_INCREMENT for table `user`
--
ALTER TABLE `user`
  MODIFY `user_id` int(11) NOT NULL AUTO_INCREMENT, AUTO_INCREMENT=21;

--
-- AUTO_INCREMENT for table `usersessions`
--
ALTER TABLE `usersessions`
  MODIFY `session_id` int(11) NOT NULL AUTO_INCREMENT, AUTO_INCREMENT=4;

--
-- AUTO_INCREMENT for table `voucher`
--
ALTER TABLE `voucher`
  MODIFY `voucher_id` int(11) NOT NULL AUTO_INCREMENT, AUTO_INCREMENT=25;

--
-- Constraints for dumped tables
--

--
-- Constraints for table `bandwidth_usage`
--
ALTER TABLE `bandwidth_usage`
  ADD CONSTRAINT `bandwidth_usage_ibfk_1` FOREIGN KEY (`user_id`) REFERENCES `user` (`user_id`),
  ADD CONSTRAINT `bandwidth_usage_ibfk_2` FOREIGN KEY (`Device_MAC_Address`) REFERENCES `user` (`mac_address`);

--
-- Constraints for table `settings`
--
ALTER TABLE `settings`
  ADD CONSTRAINT `settings_ibfk_1` FOREIGN KEY (`admin_id`) REFERENCES `admin` (`admin_id`);

--
-- Constraints for table `smslog`
--
ALTER TABLE `smslog`
  ADD CONSTRAINT `smslog_ibfk_1` FOREIGN KEY (`admin_id`) REFERENCES `admin` (`admin_id`);

--
-- Constraints for table `systemlog`
--
ALTER TABLE `systemlog`
  ADD CONSTRAINT `systemlog_ibfk_1` FOREIGN KEY (`admin_id`) REFERENCES `admin` (`admin_id`);

--
-- Constraints for table `transactions`
--
ALTER TABLE `transactions`
  ADD CONSTRAINT `transactions_ibfk_1` FOREIGN KEY (`user_id`) REFERENCES `user` (`user_id`);

--
-- Constraints for table `trashbin`
--
ALTER TABLE `trashbin`
  ADD CONSTRAINT `trashbin_ibfk_1` FOREIGN KEY (`janitor_id`) REFERENCES `janitor` (`janitor_id`);

--
-- Constraints for table `usersessions`
--
ALTER TABLE `usersessions`
  ADD CONSTRAINT `fk_user_sessions_voucher` FOREIGN KEY (`voucher_id`) REFERENCES `voucher` (`voucher_id`),
  ADD CONSTRAINT `usersessions_ibfk_1` FOREIGN KEY (`user_id`) REFERENCES `user` (`user_id`);

--
-- Constraints for table `voucher`
--
ALTER TABLE `voucher`
  ADD CONSTRAINT `voucher_ibfk_1` FOREIGN KEY (`transaction_id`) REFERENCES `transactions` (`transaction_id`),
  ADD CONSTRAINT `voucher_ibfk_2` FOREIGN KEY (`redeemed_by`) REFERENCES `user` (`user_id`);
COMMIT;

/*!40101 SET CHARACTER_SET_CLIENT=@OLD_CHARACTER_SET_CLIENT */;
/*!40101 SET CHARACTER_SET_RESULTS=@OLD_CHARACTER_SET_RESULTS */;
/*!40101 SET COLLATION_CONNECTION=@OLD_COLLATION_CONNECTION */;
